Complex no, IPI, Name, Gene, Uniprot
1,IPI00941534,Septin-7,40793,Q16181
1,IPI00967716,Uncharacterized protein,40797,D6RER5
1,IPI00798193,Uncharacterized protein,SNX24,A8MXB7
2,IPI00014481,Angio-associated migratory cell protein,AAMP,Q13685
2,IPI00470422,Ankyrin repeat and MYND domain-containing protein 2,ANKMY2,Q8IV38
2,IPI00642816,Signal recognition particle 9 kDa protein,SRP9,P49458
2,IPI00026829,Deoxyhypusine synthase,DHPS,P49366
2,IPI00102425,Regulation of nuclear pre-mRNA domain-containing protein 1A,RPRD1A,Q96P16
3,IPI00748490,"cDNA FLJ36765 fis, clone 3NB691000191",AARSD1,B3KSP9
3,IPI00749250,Actin-related protein 2,ACTR2,P61160
3,IPI00028091,Actin-related protein 3,ACTR3,P61158
3,IPI00005160,Actin-related protein 2/3 complex subunit 1B,ARPC1B,O15143
3,IPI00005161,Actin-related protein 2/3 complex subunit 2,ARPC2,O15144
3,IPI00554811,Actin-related protein 2/3 complex subunit 4,ARPC4,P59998
3,IPI00789155,Calumenin isoform 3,CALU,B3KPG9
3,IPI00293026,Elongation factor Tu GTP-binding domain-containing protein 1,EFTUD1,Q7Z2Z2
3,IPI00477355,KIF1-binding protein,KIAA1279,Q96EK5
3,IPI00604624,NIF3-like protein 1,NIF3L1,Q9GZT8
3,IPI00306369,tRNA (cytosine(34)-C(5))-methyltransferase,NSUN2,Q08J23
3,IPI00015809,Probable tRNA threonylcarbamoyladenosine biosynthesis protein OSGEP,OSGEP,Q9NPF4
3,IPI00018946,Pantothenate kinase 4,PANK4,Q9NVE7
3,IPI00294879,Ran GTPase-activating protein 1,RANGAP1,P46060
3,IPI00019169,SH3 domain GRB2-like 1,SH3GL1,Q6FGM0
3,IPI00022824,Endophilin-B1,SH3GLB1,Q9Y371
3,IPI00290305,TP53-regulating kinase,TP53RK,Q96S44
3,IPI00399265,Tumor protein D52-like 2,TPD52L2,Q5JWU6
3,IPI00217362,TP53RK-binding protein,TPRKB,Q9Y3C4
3,IPI00010207,Ubiquitin-fold modifier 1,UFM1,P61960
4,IPI00250297,L-aminoadipate-semialdehyde dehydrogenase-phosphopantetheinyl transferase,AASDHPPT,Q9NRN7
4,IPI00016725,General transcription factor 3C polypeptide 4,GTF3C4,Q9UKN8
5,IPI00792186,ATP-binding cassette sub-family F member 1,ABCF1,Q8NE71
5,IPI00006980,UPF0568 protein C14orf166,C14orf166,Q9Y224
5,IPI00550689,tRNA-splicing ligase RtcB homolog,C22orf28,Q9Y3I0
5,IPI00103483,Negative elongation factor B,COBRA1,Q8WX92
5,IPI00219147,DNA-binding protein A,CSDA,P16989
5,IPI00293655,ATP-dependent RNA helicase DDX1,DDX1,Q92499
5,IPI00844578,ATP-dependent RNA helicase A,DHX9,Q08211
5,IPI00004459,Probable dimethyladenosine transferase,DIMT1,Q9UNQ2
5,IPI00376317,Enhancer of mRNA-decapping protein 4,EDC4,Q6P2E9
5,IPI00028083,Translation initiation factor eIF-2B subunit beta,EIF2B2,P49770
5,IPI00006504,Translation initiation factor eIF-2B subunit gamma,EIF2B3,Q9NR50
5,IPI00024157,Peptidyl-prolyl cis-trans isomerase FKBP3,FKBP3,Q00688
5,IPI00396378,Heterogeneous nuclear ribonucleoproteins A2/B1,HNRNPA2B1,P22626
5,IPI00171903,Heterogeneous nuclear ribonucleoprotein M,HNRNPM,P52272
5,IPI00644079,Heterogeneous nuclear ribonucleoprotein U,HNRNPU,Q00839
5,IPI00658000,Insulin-like growth factor 2 mRNA-binding protein 3,IGF2BP3,O00425
5,IPI00005198,Interleukin enhancer-binding factor 2,ILF2,Q12905
5,IPI00029159,Uncharacterized protein,MRE11A,B3KTC7
5,IPI00329692,Glycylpeptide N-tetradecanoyltransferase 1,NMT1,P30419
5,IPI00183626,Polypyrimidine tract binding protein 1,PTBP1,Q9BUQ0
5,IPI00017381,Replication factor C subunit 4,RFC4,P35249
5,IPI00031812,Nuclease-sensitive element-binding protein 1,YBX1,P67809
5,IPI00031023,Protein flightless-1 homolog,FLII,Q13045
5,IPI00554788,"Keratin, type I cytoskeletal 18",KRT18,P05783
5,IPI00785113,Leucine-rich repeat flightless-interacting protein 1,LRRFIP1,Q32MZ4
5,IPI00017412,Replication factor C subunit 2,RFC2,P35250
5,IPI00007144,60S ribosomal protein L26-like 1,RPL26L1,Q9UNX3
5,IPI00219155,60S ribosomal protein L27,RPL27,P61353
6,IPI00009268,"cDNA FLJ60317, highly similar to Aminoacylase-1 (EC 3.5.1.14)",ABHD14A,B4DNW0
6,IPI00022305,Basic leucine zipper and W2 domain-containing protein 2,BZW2,Q9Y6E2
6,IPI00895806,cDNA FLJ77718,CNBP,A8K7V4
6,IPI00010105,Eukaryotic translation initiation factor 6,EIF6,P56537
6,IPI00748700,DNA replication complex GINS protein PSF3,GINS3,Q9BRX5
6,IPI00019812,Serine/threonine-protein phosphatase 5,PPP5C,P53041
6,IPI00010882,DNA fragmentation factor subunit alpha,DFFA,O00273
6,IPI00007765,"Stress-70 protein, mitochondrial",HSPA9,P38646
6,IPI00004534,Phosphoribosylformylglycinamidine synthase,PFAS,O15067
6,IPI00024993,"Enoyl-CoA hydratase, mitochondrial",ECHS1,P30084
7,IPI00442210,Abl interactor 2,ABI2,Q9NYB9
7,IPI00172513,DCC-interacting protein 13-beta,APPL2,Q8NEU8
7,IPI00329629,DnaJ homolog subfamily C member 7,DNAJC7,Q99615
7,IPI00013122,Hsp90 co-chaperone Cdc37,CDC37,Q16543
7,IPI00010810,"Electron transfer flavoprotein subunit alpha, mitochondrial",ETFA,P13804
7,IPI00025156,E3 ubiquitin-protein ligase CHIP,STUB1,Q9UNE7
8,IPI00873829,"3-ketoacyl-CoA thiolase, mitochondrial",ACAA2,P42765
8,IPI00008524,Polyadenylate-binding protein 1,PABPC1,P11940
8,IPI00010860,26S proteasome non-ATPase regulatory subunit 9,PSMD9,O00233
9,IPI00291419,Uncharacterized protein,ACAT2,B7Z233
9,IPI00218782,"Capping protein (Actin filament) muscle Z-line, beta",CAPZB,B1AK88
10,IPI00009315,Golgi resident protein GCP60,ACBD3,Q9H3P7
10,IPI00003519,116 kDa U5 small nuclear ribonucleoprotein component,EFTUD2,Q15029
10,IPI00019977,General transcription factor IIE subunit 1,GTF2E1,P29083
10,IPI00021808,"Histidyl-tRNA synthetase, cytoplasmic",HARS,P12081
10,IPI00150963,RNA pseudouridylate synthase domain-containing protein 2,RPUSD2,Q8IZ73
10,IPI00514587,Seryl-tRNA synthetase,SARS,Q5T5C7
10,IPI00101524,Vacuolar-sorting protein SNF8,SNF8,Q96H20
10,IPI00925205,SH3-domain GRB2-like endophilin B2,SH3GLB2,B7ZC38
11,IPI00021290,ATP-citrate synthase,ACLY,P53396
11,IPI00414676,Heat shock protein HSP 90-beta,HSP90AB1,P08238
11,IPI00018349,DNA replication licensing factor MCM4,MCM4,P33991
12,IPI00008485,Cytoplasmic aconitate hydratase,ACO1,P21399
12,IPI00152785,Histone H2B type 1-O,HIST1H2BO,P23527
13,IPI00021428,"Actin, alpha skeletal muscle",ACTA1,P68133
13,IPI00003269,Beta-actin-like protein 2,ACTBL2,Q562R1
13,IPI00021440,"Actin, cytoplasmic 2",ACTG1,P63261
13,IPI00844425,Protein BRICK1,BRK1,Q8WUW1
13,IPI00478390,"Cyclin-dependent kinase inhibitor 2A, isoform 4",CDKN2A,Q8N726
13,IPI00409684,Nck-associated protein 1,NCKAP1,Q9Y2A7
14,IPI00759776,ACTN1 protein,ACTN1,A1L0V1
14,IPI00029764,Splicing factor 3A subunit 3,SF3A3,Q12874
14,IPI00295889,Signal recognition particle 19 kDa protein,SRP19,P09132
14,IPI00022774,Transitional endoplasmic reticulum ATPase,VCP,P55072
15,IPI00013808,Alpha-actinin-4,ACTN4,O43707
15,IPI00386747,Codanin-1,CDAN1,Q8IWY9
15,IPI00290542,Signal transducing adapter molecule 2,STAM2,O75886
16,IPI00302690,Actin-related protein 10,ACTR10,Q9NZ32
16,IPI00029468,Alpha-centractin,ACTR1A,P61163
16,IPI00029469,Beta-centractin,ACTR1B,P42025
16,IPI00220503,Dynactin subunit 2,DCTN2,Q13561
16,IPI00027014,Dynactin subunit 3,DCTN3,O75935
16,IPI00550852,Dynactin subunit 4,DCTN4,Q9UJW0
16,IPI00217975,Lamin-B1,LMNB1,P20700
16,IPI00293009,Rab GTPase-binding effector protein 1,RABEP1,Q15276
16,IPI00220609,Nucleoporin SEH1,SEH1L,Q96EE3
17,IPI00033030,Proteasomal ubiquitin receptor ADRM1,ADRM1,Q16186
17,IPI00157790,Proteasome-associated protein ECM29 homolog,ECM29,Q5VYK3
17,IPI00306661,E3 ubiquitin-protein ligase KCMF1,KCMF1,Q9P0J7
17,IPI00011126,26S protease regulatory subunit 4,PSMC1,P62191
17,IPI00021435,26S protease regulatory subunit 7,PSMC2,P35998
17,IPI00018398,26S protease regulatory subunit 6A,PSMC3,P17980
17,IPI00020042,26S protease regulatory subunit 6B,PSMC4,P43686
17,IPI00023919,26S protease regulatory subunit 8,PSMC5,P62195
17,IPI00021926,26S protease regulatory subunit 10B,PSMC6,P62333
17,IPI00299608,26S proteasome non-ATPase regulatory subunit 1,PSMD1,Q99460
17,IPI00105598,26S proteasome non-ATPase regulatory subunit 11,PSMD11,O00231
17,IPI00185374,26S proteasome non-ATPase regulatory subunit 12,PSMD12,O00232
17,IPI00549672,Uncharacterized protein,PSMD13,F8W8J6
17,IPI00024821,26S proteasome non-ATPase regulatory subunit 14,PSMD14,O00487
17,IPI00012268,26S proteasome non-ATPase regulatory subunit 2,PSMD2,Q13200
17,IPI00011603,26S proteasome non-ATPase regulatory subunit 3,PSMD3,O43242
17,IPI00022694,26S proteasome non-ATPase regulatory subunit 4,PSMD4,P55036
17,IPI00014151,26S proteasome non-ATPase regulatory subunit 6,PSMD6,Q15008
17,IPI00019927,26S proteasome non-ATPase regulatory subunit 7,PSMD7,P51665
17,IPI00010201,26S proteasome non-ATPase regulatory subunit 8,PSMD8,P48556
17,IPI00642032,Thioredoxin-like protein 1,TXNL1,O43396
17,IPI00642374,Ubiquitin carboxyl-terminal hydrolase L5,UCHL5,Q5LJA9
18,IPI00026904,Adenylosuccinate lyase,ADSL,B0QY75
18,IPI00174390,"2',5'-phosphodiesterase 12",PDE12,Q6L8Q7
19,IPI00026833,Adenylosuccinate synthetase isozyme 2,ADSS,P30520
19,IPI00297579,Chromobox protein homolog 3,CBX3,Q13185
19,IPI00794397,Charged multivesicular body protein 4a,CHMP4A,Q9BY43
19,IPI00010158,Chromatin accessibility complex protein 1,CHRAC1,Q9NRG0
19,IPI00020454,Deoxycytidine kinase,DCK,P27707
19,IPI00220362,"10 kDa heat shock protein, mitochondrial",HSPE1,P61604
19,IPI00027223,Isocitrate dehydrogenase [NADP] cytoplasmic,IDH1,O75874
19,IPI00026516,"Succinyl-CoA:3-ketoacid-coenzyme A transferase 1, mitochondrial",OXCT1,P55809
19,IPI00783736,Parathymosin,PTMS,O15256
19,IPI00395865,Histone-binding protein RBBP7,RBBP7,Q16576
19,IPI00744692,Transaldolase,TALDO1,P37837
19,IPI00549189,Thimet oligopeptidase,THOP1,P52888
19,IPI00643920,"cDNA FLJ54957, highly similar to Transketolase (EC 2.2.1.1)",TKT,B4DE31
19,IPI00746165,WD repeat-containing protein 1,WDR1,O75083
19,IPI00796436,"UPF0160 protein MYG1, mitochondrial",C12orf10,Q9HB07
19,IPI00375531,Nucleoside diphosphate kinase A,NME1,P15531
20,IPI00432493,Amino-terminal enhancer of split,AES,Q08117
20,IPI00009335,Protein FAM203A,FAM203A,Q9BTY7
20,IPI00006176,Hepatocyte growth factor-regulated tyrosine kinase substrate,HGS,O14964
20,IPI00022827,STE20-like serine/threonine-protein kinase,SLK,Q9H2G2
20,IPI00514593,Tetratricopeptide repeat domain 4,TTC4,Q5TA95
21,IPI00903328,"cDNA FLJ40132 fis, clone TESTI2012155, highly similar to NUCLEOPORIN-LIKE PROTEIN RIP",AGFG1,B3KUL1
21,IPI00790373,Delta-aminolevulinic acid dehydratase,ALAD,P13716
21,IPI00032506,Uncharacterized protein C14orf142,C14orf142,Q9BXV9
21,IPI00027035,GPN-loop GTPase 1,GPN1,Q9HCN4
21,IPI00100748,Hsp70-binding protein 1,HSPBP1,Q9NZL4
21,IPI00163381,Prolyl 3-hydroxylase 1,LEPRE1,Q32P28
21,IPI00023704,Lipoma-preferred partner,LPP,Q93052
21,IPI00005780,UDP-N-acetylglucosamine--peptide N-acetylglucosaminyltransferase 110 kDa subunit,OGT,O15294
21,IPI00007694,Protein phosphatase methylesterase 1,PPME1,Q9Y570
21,IPI00009659,Regulation of nuclear pre-mRNA domain-containing protein 1B,RPRD1B,Q9NQG5
21,IPI00018037,Surfeit locus protein 2,SURF2,Q15527
21,IPI00023186,TOM1-like protein 1,TOM1L1,O75674
21,IPI00025244,Zinc finger protein ZPR1,ZNF259,O75312
21,IPI00456925,Drebrin-like protein,DBNL,Q9UJU6
21,IPI00386755,ERO1-like protein alpha,ERO1L,Q96HE7
21,IPI00300805,E3 ubiquitin-protein ligase LRSAM1,LRSAM1,Q6UWE0
21,IPI00025718,tRNA (guanine-N(7)-)-methyltransferase subunit WDR4,WDR4,P57081
22,IPI00328318,Glycogen debranching enzyme,AGL,P35573
22,IPI00382412,Branched-chain-amino-acid aminotransferase,BCAT1,B7Z5L0
22,IPI00017450,General transcription factor IIF subunit 1,GTF2F1,P35269
22,IPI00011675,Nuclear autoantigen Sp-100,SP100,P23497
23,IPI00012007,Adenosylhomocysteinase,AHCY,P23526
23,IPI00296053,"Fumarate hydratase, mitochondrial",FH,P07954
23,IPI00219365,Moesin,MSN,P26038
23,IPI00646350,Uncharacterized protein,NAE1,A6NCK0
23,IPI00397571,NSFL1 cofactor p47,NSFL1C,Q9UNZ2
23,IPI00011619,Bifunctional 3'-phosphoadenosine 5'-phosphosulfate synthase 1,PAPSS1,O43252
23,IPI00795107,Hepatocarcinoma high expression protein,TATDN1,Q6P1N9
24,IPI00030706,Activator of 90 kDa heat shock protein ATPase homolog 1,AHSA1,O95433
24,IPI00186290,Elongation factor 2,EEF2,P13639
25,IPI00793201,0,AIMP1,0
25,IPI00216951,"Aspartyl-tRNA synthetase, cytoplasmic",DARS,P14868
25,IPI00003588,Eukaryotic translation elongation factor 1 epsilon-1,EEF1E1,O43324
25,IPI00219678,Eukaryotic translation initiation factor 2 subunit 1,EIF2S1,P05198
25,IPI00644127,"Isoleucyl-tRNA synthetase, cytoplasmic",IARS,P41252
25,IPI00008240,"Methionyl-tRNA synthetase, cytoplasmic",MARS,P56192
25,IPI00789045,0,QARS,0
25,IPI00465361,60S ribosomal protein L13,RPL13,P26373
25,IPI00470528,60S ribosomal protein L15,RPL15,P61313
25,IPI00247583,60S ribosomal protein L21,RPL21,P46778
25,IPI00021266,"Ribosomal protein L23a, isoform CRA_a",RPL23A,A8MUS3
25,IPI00027270,60S ribosomal protein L26,RPL26,P61254
25,IPI00216237,60S ribosomal protein L36,RPL36,Q9Y3U8
25,IPI00299573,60S ribosomal protein L7a,RPL7A,P62424
25,IPI00008530,60S acidic ribosomal protein P0,RPLP0,P05388
25,IPI00215719,60S ribosomal protein L18,RPL18,Q07020
25,IPI00025329,60S ribosomal protein L19,RPL19,P84098
26,IPI00011916,Aminoacyl tRNA synthase complex-interacting multifunctional protein 2,AIMP2,Q13155
26,IPI00012535,DnaJ homolog subfamily A member 1,DNAJA1,P31689
26,IPI00297982,Eukaryotic translation initiation factor 2 subunit 3,EIF2S3,P41091
26,IPI00552639,Eukaryotic translation initiation factor 4 gamma 1,EIF4G1,Q04637
26,IPI00182757,Protein KIAA1967,KIAA1967,Q8N163
26,IPI00456758,60S ribosomal protein L27a,RPL27A,P46776
26,IPI00215965,Heterogeneous nuclear ribonucleoprotein A1,HNRNPA1,P09651
26,IPI00009342,Ras GTPase-activating-like protein IQGAP1,IQGAP1,P46940
26,IPI00004860,"Arginyl-tRNA synthetase, cytoplasmic",RARS,P54136
27,IPI00847662,Aryl-hydrocarbon receptor interacting protein,AIP,A3RDR9
27,IPI00017726,3-hydroxyacyl-CoA dehydrogenase type-2,HSD17B10,Q99714
28,IPI00306265,"A-kinase anchor protein 10, mitochondrial",AKAP10,O43572
28,IPI00789605,Myosin light polypeptide 6,MYL6,P60660
28,IPI00220278,Myosin regulatory light polypeptide 9,MYL9,P24844
29,IPI00237884,A-kinase anchor protein 12,AKAP12,Q02952
29,IPI00007675,Cytoplasmic dynein 1 light intermediate chain 1,DYNC1LI1,Q9Y6G9
29,IPI00412497,"Dynein, light chain, roadblock-type 1",DYNLRB1,B1AKR6
29,IPI00333541,Filamin-A,FLNA,P21333
29,IPI00456969,Cytoplasmic dynein 1 heavy chain 1,DYNC1H1,Q14204
29,IPI00744015,Cytoplasmic dynein 1 intermediate chain 2,DYNC1I2,Q13409
29,IPI00011592,Cytoplasmic dynein 1 light intermediate chain 2,DYNC1LI2,O43237
29,IPI00853158,Protein prune homolog 2,PRUNE2,Q8WUY3
30,IPI00032064,A kinase (PRKA) anchor protein 2,AKAP2,B1ALY0
30,IPI00101987,BRISC and BRCA1-A complex member 1,BABAM1,Q9NWV8
30,IPI00149276,BRCA1-A complex subunit BRE,BRE,Q9NXR7
30,IPI00294619,Protein TFG,TFG,Q92734
31,IPI00306195,Proline-rich AKT1 substrate 1,AKT1S1,Q96B36
31,IPI00005667,NEDD4-binding protein 1,N4BP1,O75113
31,IPI00377066,Ras suppressor protein 1,RSU1,A8KA46
31,IPI00306127,THUMP domain-containing protein 3,THUMPD3,Q9BV44
32,IPI00796333,Fructose-bisphosphate aldolase A,ALDA,P04075
32,IPI00396387,Guanine nucleotide-binding protein-like 1,GNL1,P36915
33,IPI00103467,"Aldehyde dehydrogenase X, mitochondrial",ALDH1B1,P30837
33,IPI00843975,Ezrin,EZR,P15311
33,IPI00221172,Putative E3 ubiquitin-protein ligase UBR7,UBR7,Q8N806
34,IPI00221234,Alpha-aminoadipic semialdehyde dehydrogenase,ALDH7A1,P49419
34,IPI00554777,Asparagine synthetase [glutamine-hydrolyzing],ASNS,P08243
34,IPI00289499,Bifunctional purine biosynthesis protein PURH,ATIC,P31939
34,IPI00289758,Calpain-2 catalytic subunit,CAPN2,P17655
34,IPI00025084,Calpain small subunit 1,CAPNS1,P04632
34,IPI00304082,Isochorismatase domain-containing protein 1,ISOC1,Q96CN7
34,IPI00292827,Serine/threonine-protein kinase MST4,MST4,Q9P289
34,IPI00329672,Myosin-Ie,MYO1E,Q12965
34,IPI00170429,2-oxoglutarate and iron-dependent oxygenase domain-containing protein 1,OGFOD1,Q8N543
34,IPI00218728,Uncharacterized protein,PAFAH1B1,B4DZN3
34,IPI00009904,Protein disulfide-isomerase A4,PDIA4,P13667
34,IPI00016346,Proline synthase co-transcribed bacterial homolog protein,PROSC,O94903
34,IPI00827535,Prothymosin alpha,PTMA,P06454
34,IPI00293126,Tubulin-folding cofactor B,TBCB,Q99426
34,IPI00550917,Twinfilin-2,TWF2,Q6IBS0
34,IPI00000816,14-3-3 protein epsilon,YWHAE,P62258
34,IPI00216319,14-3-3 protein eta,YWHAH,Q04917
34,IPI00645446,Malignant T cell-amplified sequence 1,MCTS1,Q9ULC4
35,IPI00479877,4-trimethylaminobutyraldehyde dehydrogenase,ALDH9A1,P49189
35,IPI00291893,DCN1-like protein 1,DCUN1D1,Q96GG9
35,IPI00023728,Gamma-glutamyl hydrolase,GGH,Q92820
35,IPI00465044,Protein RCC2,RCC2,Q9P258
36,IPI00418262,Fructose-bisphosphate aldolase C,ALDOC,P09972
36,IPI00014197,Protein CDV3 homolog,CDV3,Q9UKY7
37,IPI00007722,Adenosine monophosphate deaminase 2 (Isoform L),AMPD2,Q5T694
37,IPI00022904,Serine/threonine-protein phosphatase 4 regulatory subunit 2,PPP4R2,Q9NY27
38,IPI00159899,Ankyrin repeat and FYVE domain-containing protein 1,ANKFY1,Q9P2R3
38,IPI00022542,Rho-associated protein kinase 1,ROCK1,Q13464
38,IPI00743862,Proteasomal ATPase-associated factor 1,PAAF1,Q9BRP4
39,IPI00477505,Serine/threonine-protein phosphatase 6 regulatory ankyrin repeat subunit A,ANKRD28,O15084
39,IPI00514311,CTTNBP2 N-terminal-like protein,CTTNBP2NL,Q9P2B4
39,IPI00024709,Inhibitor of nuclear factor kappa-B kinase subunit beta,IKBKB,O14920
39,IPI00001738,Nuclear pore complex protein Nup88,NUP88,Q99567
40,IPI00061168,Ankyrin repeat domain-containing protein 40,ANKRD40,Q6AI12
40,IPI00296432,Protein IWS1 homolog,IWS1,Q96ST2
41,IPI00395663,Ankyrin repeat and SAM domain-containing protein 1A,ANKS1A,Q92625
41,IPI00015856,Aspartyl aminopeptidase,DNPEP,Q9ULA0
41,IPI00289082,Tyrosine-protein phosphatase non-receptor type 12,PTPN12,Q05209
41,IPI00658152,Tensin-3,TNS3,Q68CZ2
41,IPI00307165,Tripartite motif-containing protein 47,TRIM47,Q96LD4
42,IPI00025849,Acidic leucine-rich nuclear phosphoprotein 32 family member A,ANP32A,P39687
42,IPI00412792,Transcription factor BTF3 homolog 4,BTF3L4,Q96K17
43,IPI00007423,Acidic leucine-rich nuclear phosphoprotein 32 family member B,ANP32B,Q92688
43,IPI00644386,Uncharacterized protein,FUBP1,E9PEB5
43,IPI00020127,Replication protein A 70 kDa DNA-binding subunit,RPA1,P27694
43,IPI00017373,Replication protein A 14 kDa subunit,RPA3,P35244
43,IPI00300531,BAG family molecular chaperone regulator 1,BAG1,Q99933
43,IPI00029557,"GrpE protein homolog 1, mitochondrial",GRPEL1,Q9HAV7
44,IPI00165393,Acidic leucine-rich nuclear phosphoprotein 32 family member E,ANP32E,Q9BTT0
44,IPI00007404,Ubiquitin-like modifier-activating enzyme ATG7,ATG7,O95352
44,IPI00007814,V-type proton ATPase subunit C 1,ATP6V1C1,P21283
44,IPI00029601,Src substrate cortactin,CTTN,Q14247
44,IPI00218829,Eukaryotic peptide chain release factor GTP-binding subunit ERF3A,GSPT1,P15170
44,IPI00642097,Eukaryotic peptide chain release factor GTP-binding subunit ERF3B,GSPT2,Q8IYD1
44,IPI00220373,Insulin-degrading enzyme,IDE,P14735
44,IPI00179953,Nuclear autoantigenic sperm protein,NASP,P49321
44,IPI00001871,PRKC apoptosis WT1 regulator protein,PAWR,Q96IZ0
44,IPI00017367,Radixin isoform b,RDX,A7YIJ8
44,IPI00002519,"Serine hydroxymethyltransferase, cytosolic",SHMT1,P34896
44,IPI00002520,Serine hydroxymethyltransferase,SHMT2,B4DP88
44,IPI00183274,Sorting nexin-1,SNX1,Q13596
44,IPI00299095,Sorting nexin-2,SNX2,O60749
44,IPI00298111,Sorting nexin-6,SNX6,Q9UNH7
44,IPI00030781,Signal transducer and activator of transcription 1-alpha/beta,STAT1,P42224
45,IPI00418169,Annexin A2,ANXA2,P07355
45,IPI00003438,DnaJ homolog subfamily C member 8,DNAJC8,O75937
45,IPI00888562,0,LOC100128588,0
46,IPI00221226,Annexin A6,ANXA6,P08133
46,IPI00219029,"Aspartate aminotransferase, cytoplasmic",GOT1,P17174
46,IPI00427330,Ribosome maturation protein SBDS,SBDS,Q9Y3A5
46,IPI00946513,Uncharacterized protein,UBE2H,C9JZG9
47,IPI00328257,AP-1 complex subunit beta-1,AP1B1,Q10567
47,IPI00290514,Integrator complex subunit 9,INTS9,Q9NV88
48,IPI00910088,"cDNA FLJ14622 fis, clone NT2RP2000147, highly similar to Adaptor-related protein complex 1 mu-1 subunit",AP1M1,B3KNH5
48,IPI00396967,Four and a half LIM-domain protein 2,FHL2,Q2I5I4
49,IPI00784366,AP-2 complex subunit beta,AP2B1,P63010
49,IPI00024919,"Thioredoxin-dependent peroxide reductase, mitochondrial",PRDX3,P30048
50,IPI00021129,AP-3 complex subunit beta-1,AP3B1,O00203
50,IPI00719680,AP-3 complex subunit delta-1,AP3D1,O14617
50,IPI00827967,Putative GTP-binding protein Parf,PARF,Q3YEC7
50,IPI00014624,AP-3 complex subunit sigma-1,AP3S1,Q92572
51,IPI00032459,AP-3 complex subunit mu-1,AP3M1,Q9Y2T2
51,IPI00472442,Proteasome subunit alpha type-1,PSMA1,P25786
51,IPI00219622,Proteasome subunit alpha type-2,PSMA2,P25787
51,IPI00419249,Proteasome subunit alpha type-3,PSMA3,P25788
51,IPI00299155,Proteasome subunit alpha type-4,PSMA4,P25789
51,IPI00291922,Proteasome subunit alpha type-5,PSMA5,P28066
51,IPI00029623,Proteasome subunit alpha type-6,PSMA6,P60900
51,IPI00024175,Proteasome subunit alpha type-7,PSMA7,O14818
51,IPI00025019,Proteasome subunit beta type-1,PSMB1,P20618
51,IPI00028006,Proteasome subunit beta type-2,PSMB2,P49721
51,IPI00028004,Proteasome subunit beta type-3,PSMB3,P49720
51,IPI00555956,Proteasome subunit beta type-4,PSMB4,P28070
51,IPI00375704,Proteasome subunit beta type-5,PSMB5,P28074
51,IPI00000811,Proteasome subunit beta type-6,PSMB6,P28072
51,IPI00003217,Proteasome subunit beta type-7,PSMB7,Q99436
51,IPI00000783,Proteasome subunit beta type-8,PSMB8,P28062
51,IPI00005260,Proteasome activator complex subunit 4,PSME4,Q14997
51,IPI00646105,Pyrroline-5-carboxylate reductase 3,PYCRL,Q53H96
51,IPI00019195,Ribonuclease P protein subunit p38,RPP38,P78345
51,IPI00761160,"cDNA FLJ77693, highly similar to Homo sapiens calpastatin (CAST), transcript variant 3, mRNA",CAST,A8K8C4
51,IPI00645410,Band 4.1-like protein 1,EPB41L1,Q9H4G0
51,IPI00012837,Kinesin-1 heavy chain,KIF5B,P33176
51,IPI00006025,Squamous cell carcinoma antigen recognized by T-cells 3,SART3,Q15020
52,IPI00337741,Uncharacterized protein,APEH,C9JIF9
52,IPI00100160,Cullin-associated NEDD8-dissociated protein 1,CAND1,Q86VP6
52,IPI00027443,"Cysteinyl-tRNA synthetase, isoform CRA_e",DKFZp686F1612,Q5HYE4
52,IPI00002966,Heat shock 70 kDa protein 4,HSPA4,P34932
52,IPI00604598,Bifunctional arginine demethylase and lysyl-hydroxylase JMJD6,JMJD6,Q6NYC1
52,IPI00006167,Protein phosphatase 1G,PPM1G,O15355
53,IPI00855856,Apoptosis inhibitor 5,API5,Q9BZZ5
53,IPI00017184,EH domain-containing protein 1,EHD1,Q9H4M9
53,IPI00216346,Nucleolar protein 3,NOL3,O60936
53,IPI00021277,Cytosolic Fe-S cluster assembly factor NUBP1,NUBP1,P53384
53,IPI00004363,STE20/SPS1-related proline-alanine-rich protein kinase,STK39,Q9UEW8
53,IPI00023647,Ubiquitin-like modifier-activating enzyme 6,UBA6,A0AVT1
53,IPI00793375,Xaa-Pro aminopeptidase 1,XPNPEP1,Q9NQW7
54,IPI00298520,"Archain 1, isoform CRA_a",ARCN1,B0YIW6
54,IPI00295851,Coatomer subunit beta,COPB1,P53618
54,IPI00032851,Coatomer subunit zeta-1,COPZ1,P61923
54,IPI00219368,Transducin-like enhancer protein 3,TLE3,Q04726
54,IPI00295857,Coatomer subunit alpha,COPA,P53621
54,IPI00783982,Coatomer subunit gamma,COPG,Q9Y678
55,IPI00002186,Brefeldin A-inhibited guanine nucleotide-exchange protein 2,ARFGEF2,Q9Y6D5
55,IPI00300659,Parafibromin,CDC73,Q6P1J9
55,IPI00005104,Inhibitor of nuclear factor kappa-B kinase subunit alpha,CHUK,O15111
55,IPI00006038,Nuclear pore complex protein Nup98-Nup96,NUP98,P52948
55,IPI00300333,RNA polymerase II-associated factor 1 homolog,PAF1,Q8N7H5
55,IPI00414858,Conserved oligomeric Golgi complex subunit 3,COG3,Q96JB2
55,IPI00477468,RNA polymerase-associated protein CTR9 homolog,CTR9,Q6PD62
55,IPI00926581,MYH14 variant protein,FP17425,B0I1S2
55,IPI00019502,Myosin-9,MYH9,P35579
55,IPI00604523,Myosin regulatory light chain MRCL3 variant,MYL12A,Q53HL1
56,IPI00021258,Arfaptin-1,ARFIP1,P53367
56,IPI00014319,Influenza virus NS1A-binding protein,IVNS1ABP,Q9Y6Y0
56,IPI00006932,Uncharacterized protein,LUC7L2,B7Z4Q3
56,IPI00031106,Proteasome assembly chaperone 3,PSMG3,Q9BT73
56,IPI00154645,TBC1 domain family member 15,TBC1D15,Q8TC07
57,IPI00021257,Arfaptin-2,ARFIP2,P53365
57,IPI00026625,Nuclear pore complex protein Nup155,NUP155,O75694
58,IPI00395605,Rho guanine nucleotide exchange factor 1,ARHGEF1,Q92888
58,IPI00020602,Casein kinase II subunit alpha',CSNK2A2,P19784
59,IPI00413517,Rho guanine nucleotide exchange factor 10,ARHGEF10,O15013
59,IPI00604756,Nuclear receptor-binding protein,NRBP1,Q9UHY1
60,IPI00003326,ADP-ribosylation factor-like protein 2,ARL2,P36404
60,IPI00219575,Bleomycin hydrolase,BLMH,Q13867
60,IPI00299465,Leucine zipper transcription factor-like protein 1,LZTFL1,Q9NQ48
61,IPI00009906,Armadillo repeat-containing X-linked protein 3,ARMCX3,Q9UH62
61,IPI00295487,Kinesin-like protein KIF13A,KIF13A,Q9H1H9
62,IPI00333068,Actin-related protein 2/3 complex subunit 1A,ARPC1A,Q92747
62,IPI00419237,Cytosol aminopeptidase,LAP3,P28838
62,IPI00016559,Probable tRNA(His) guanylyltransferase,THG1L,Q9NWX6
62,IPI00871870,Actin-related protein 2/3 complex subunit 3,ARPC3,O15145
62,IPI00550234,Actin-related protein 2/3 complex subunit 5,ARPC5,O15511
62,IPI00414554,Actin-related protein 2/3 complex subunit 5-like protein,ARPC5L,Q9BPX5
62,IPI00020599,Calreticulin,CALR,P27797
62,IPI00396630,cAMP-dependent protein kinase catalytic subunit alpha,PRKACA,P17612
62,IPI00152325,RNA (guanine-9-)-methyltransferase domain-containing protein 2,RG9MTD2,Q8TBZ6
63,IPI00016560,Ankyrin repeat and SOCS box protein 6,ASB6,Q9NWX5
63,IPI00939304,Importin-5,IPO5,O00410
63,IPI00645078,Ubiquitin-like modifier-activating enzyme 1,UBA1,P22314
64,IPI00292168,Histone chaperone ASF1A,ASF1A,Q9Y294
64,IPI00245135,Uncharacterized protein,RNASEH2B,F5GYQ5
65,IPI00220267,Argininosuccinate lyase,ASL,P04424
65,IPI00031614,DNA replication complex GINS protein SLD5,GINS4,Q9BRT9
65,IPI00889000,Neurochondrin,NCDN,Q9UBB6
65,IPI00306301,Mitochondrial PDHA1,PDHA1,A5YVE9
66,IPI00020632,Argininosuccinate synthase,ASS1,P00966
66,IPI00022254,Ubiquitin-like-conjugating enzyme ATG3,ATG3,Q9NT62
66,IPI00015911,"Dihydrolipoyl dehydrogenase, mitochondrial",DLD,P09622
66,IPI00301051,NHL repeat-containing protein 2,NHLRC2,Q8NBF2
66,IPI00027627,Uncharacterized protein,TNFAIP8,B7Z713
67,IPI00029472,Arginyl-tRNA--protein transferase 1,ATE1,O95260
67,IPI00328753,Kinectin,KTN1,Q86UP2
67,IPI00022759,Geranylgeranyl transferase type-1 subunit beta,PGGT1B,P53609
67,IPI00030782,Signal transducer and activator of transcription 6,STAT6,P42226
68,IPI00303476,"ATP synthase subunit beta, mitochondrial",ATP5B,P06576
68,IPI00218187,Serine/threonine-protein phosphatase PP1-gamma catalytic subunit,PPP1CC,P36873
69,IPI00007682,V-type proton ATPase catalytic subunit A,ATP6V1A,P38606
69,IPI00179589,0,MTPN,0
69,IPI00893541,0,PDIA3,0
69,IPI00011876,S-methyl-5'-thioadenosine phosphorylase,MTAP,Q13126
69,IPI00005719,Ras-related protein Rab-1A,RAB1A,P62820
69,IPI00328319,Histone-binding protein RBBP4,RBBP4,Q09028
70,IPI00007812,"V-type proton ATPase subunit B, brain isoform",ATP6V1B2,P21281
70,IPI00844264,Putative uncharacterized protein DKFZp779B0247,DKFZp779B0247,Q68DF1
70,IPI00383581,Neutral alpha-glucosidase AB,GANAB,Q14697
70,IPI00789324,"cDNA FLJ60424, highly similar to Junction plakoglobin",JUP,B4DE59
70,IPI00384456,DNA mismatch repair protein Msh6,MSH6,P52701
70,IPI00298058,Transcription elongation factor SPT5,SUPT5H,O00267
70,IPI00020508,"N(2),N(2)-dimethylguanosine tRNA methyltransferase",TRMT1,Q9NXH9
70,IPI00644712,X-ray repair cross-complementing protein 6,XRCC6,P12956
71,IPI00003856,V-type proton ATPase subunit E 1,ATP6V1E1,P36543
71,IPI00295081,Tubulin gamma-1 chain,TUBG1,P23258
72,IPI00004488,V-type proton ATPase subunit F,ATP6V1F,Q16864
72,IPI00186966,Myc box-dependent-interacting protein 1,BIN1,O00499
73,IPI00296191,V-type proton ATPase subunit H,ATP6V1H,Q9UI12
73,IPI00384689,Pyridoxal-dependent decarboxylase domain-containing protein 1,PDXDC1,Q6P996
73,IPI00607554,Ubiquitin carboxyl-terminal hydrolase 47,USP47,Q96K76
74,IPI00001636,Uncharacterized protein,ATXN10,E7ESH8
74,IPI00911039,"cDNA FLJ54303, highly similar to Heat shock 70 kDa protein 1",DAAP-21F2.8-002,B4DFN9
74,IPI00024719,Histone acetyltransferase type B catalytic subunit,HAT1,O14929
74,IPI00339269,Heat shock 70 kDa protein 6,HSPA6,P17066
75,IPI00641582,BAG family molecular chaperone regulator 3,BAG3,O95817
75,IPI00000105,Major vault protein,MVP,Q14764
76,IPI00556027,BAG family molecular chaperone regulator 5,BAG5,Q9UL15
76,IPI00448798,Casein kinase I isoform alpha,CSNK1A1,P48729
76,IPI00940535,MAD1 mitotic arrest deficient-like 1 (Yeast),MAD1L1,A4D218
76,IPI00168317,Kinetochore protein Spc24,SPC24,Q8NBT2
77,IPI00645431,Large proline-rich protein BAG6,BAG6,P46379
77,IPI00892541,HLA-B associated transcript 3,BAT3,B0UX85
77,IPI00184871,O-acetyl-ADP-ribose deacetylase C6orf130,C6orf130,Q9Y530
77,IPI00641743,Uncharacterized protein,HCFC1,A6NEM2
77,IPI00418471,Vimentin,VIM,P08670
78,IPI00299024,Brain acid soluble protein 1,BASP1,P80723
78,IPI00010136,C-terminal-binding protein 2,CTBP2,P56545
79,IPI00954861,"cDNA FLJ42825 fis, clone BRCAN2016619, highly similar to Breast cancer anti-estrogen resistance protein 1",BCAR1,B3KWD7
79,IPI00291939,Structural maintenance of chromosomes protein 1A,SMC1A,Q14683
80,IPI00002203,BRCA2 and CDKN1A-interacting protein,BCCIP,Q9P287
80,IPI00015897,Cysteine and histidine-rich domain-containing protein 1,CHORDC1,Q9UHD1
80,IPI00873506,Guanine deaminase,GDA,Q5SZC3
80,IPI00003818,Kynureninase,KYNU,Q16719
80,IPI00217966,L-lactate dehydrogenase,LDHA,B7Z5E3
80,IPI00016768,L-lactate dehydrogenase A-like 6B,LDHAL6B,Q9BYZ2
80,IPI00296526,N-acetylglucosamine kinase,NAGK,B4DLZ5
80,IPI00003419,Small acidic protein,SMAP,O00193
80,IPI00005102,Spermine synthase,SMS,P52788
80,IPI00216057,Sorbitol dehydrogenase,SORD,Q00796
80,IPI00333215,Transcription elongation factor A protein 1,TCEA1,P23193
81,IPI00939720,Baculoviral IAP repeat-containing protein 6,BIRC6,Q9NR09
81,IPI00150269,U4/U6 small nuclear ribonucleoprotein Prp4,PRPF4,O43172
82,IPI00030399,BCL2/adenovirus E1B 19 kDa protein-interacting protein 2,BNIP2,Q12982
82,IPI00219153,60S ribosomal protein L22,RPL22,P35268
83,IPI00028955,Ribosome biogenesis protein BOP1,BOP1,Q14137
83,IPI00743931,Golgi reassembly-stacking protein 2,GORASP2,Q9H8Y8
83,IPI00004350,Transcription initiation factor IIA subunit 1,GTF2A1,P52655
83,IPI00008215,NADP-dependent malic enzyme,ME1,P48163
83,IPI00031420,UDP-glucose 6-dehydrogenase,UGDH,O60701
84,IPI00218992,Lys-63-specific deubiquitinase BRCC36,BRCC3,P46736
84,IPI00000634,Coiled-coil domain-containing protein 6,CCDC6,Q16204
84,IPI00872533,CD2-associated protein,CD2AP,Q9Y5K6
84,IPI00013774,Histone deacetylase 1,HDAC1,Q13547
84,IPI00644055,Heterogeneous nuclear ribonucleoprotein R,HNRNPR,O43390
84,IPI00063941,La-related protein 7,LARP7,Q4G0J3
84,IPI00171798,Metastasis-associated protein MTA2,MTA2,O94776
84,IPI00251749,Glucocorticoid receptor,NR3C1,P04150
84,IPI00412499,Rab GTPase-binding effector protein 2,RABEP2,Q9H5N1
84,IPI00017451,Splicing factor 3A subunit 1,SF3A1,Q15459
84,IPI00438229,Transcription intermediary factor 1-beta,TRIM28,Q13263
84,IPI00745406,0,HLC6,0
84,IPI00179298,E3 ubiquitin-protein ligase HUWE1,HUWE1,Q7Z6Z7
84,IPI00216654,Nucleolar and coiled-body phosphoprotein 1,NOLC1,Q14978
84,IPI00411614,WD repeat and HMG-box DNA-binding protein 1,WDHD1,O75717
85,IPI00221035,Transcription factor BTF3,BTF3,P20290
85,IPI00797126,Uncharacterized protein,NACA,E9PAV3
85,IPI00873326,Uncharacterized protein,UFD1L,C9JS35
86,IPI00013468,Mitotic checkpoint protein BUB3,BUB3,O43684
86,IPI00607605,Macrophage erythroblast attacher,MAEA,Q7L5Y9
87,IPI00328987,Bystin,BYSL,Q13895
87,IPI00414197,WD repeat-containing protein 26,WDR26,Q9H7D7
88,IPI00916503,"cDNA FLJ55789, highly similar to Rattus norvegicus basic leucine zipper and W2 domains 1 (Bzw1), mRNA",BZAP45,B4DLZ8
88,IPI00014808,Platelet-activating factor acetylhydrolase IB subunit gamma,PAFAH1B3,Q15102
89,IPI00550986,Cell cycle regulator Mat89Bb homolog,C12orf11,Q9NVM9
89,IPI00935184,Uncharacterized protein,PPP2R5C,F5GWP3
89,IPI00450472,Ubiquitin carrier protein,UBE2I,B0QYN7
90,IPI00335001,Huntingtin yeast partner K,C15orf63,Q9NX55
90,IPI00031618,Protein DDI1 homolog 2,DDI2,Q5TDH0
90,IPI00013184,N-alpha-acetyltransferase 10,NAA10,P41227
90,IPI00386189,"N-alpha-acetyltransferase 15, NatA auxiliary subunit",NAA15,Q9BXJ9
91,IPI00470594,UPF0485 protein C1orf144,C1orf144,Q7Z422
91,IPI00377128,Dipeptidyl peptidase 8,DPP8,Q6V1X1
92,IPI00550191,Uncharacterized protein C9orf78,C9orf78,Q9NZ63
92,IPI00182126,Peptidyl-prolyl cis-trans isomerase FKBP9,FKBP9,O95302
92,IPI00913961,Histone H2A,H2AFV,A6NN01
92,IPI00027851,Beta-hexosaminidase subunit alpha,HEXA,P06865
92,IPI00003369,LIM domain-containing protein 1,LIMD1,Q9UGP4
92,IPI00644674,Cytosolic Fe-S cluster assembly factor NUBP2,NUBP2,Q9Y5Y2
93,IPI00889737,Voltage-dependent L-type calcium channel subunit alpha-1S,CACNA1S,Q13698
93,IPI00465054,Putative uncharacterized protein DKFZp686C1054,THUMPD1,Q6MZT3
94,IPI00395627,Calcyclin-binding protein,CACYBP,Q9HB71
94,IPI00000874,Peroxiredoxin-1,PRDX1,Q06830
94,IPI00027350,Peroxiredoxin-2,PRDX2,P32119
94,IPI00878175,0,TWL1,0
95,IPI00014516,Caldesmon,CALD1,Q05682
95,IPI00027808,DNA-directed RNA polymerase II subunit RPB2,POLR2B,P30876
96,IPI00794543,"cDNA FLJ75174, highly similar to Homo sapiens calmodulin 1 (phosphorylase kinase, delta), mRNA",CALM1,A8K1M2
96,IPI00396485,Elongation factor 1-alpha 1,EEF1A1,P68104
96,IPI00646304,Peptidyl-prolyl cis-trans isomerase B,PPIB,P23284
96,IPI00852987,"cDNA, FLJ95575, highly similar to Homo sapiens endothelial cell growth factor 1 (platelet-derived) (ECGF1), mRNA",TYMP,B2RBL3
97,IPI00170508,Calcium/calmodulin-dependent protein kinase type 1D,CAMK1D,Q8IU85
97,IPI00400826,Clusterin,CLU,P10909
97,IPI00009123,Nucleobindin-2,NUCB2,P80303
98,IPI00896448,Adenylyl cyclase-associated protein 1,CAP1,Q01518
98,IPI00219005,Peptidyl-prolyl cis-trans isomerase FKBP4,FKBP4,Q02790
98,IPI00218775,Peptidyl-prolyl cis-trans isomerase FKBP5,FKBP5,Q13451
98,IPI00382470,Heat shock protein HSP 90-alpha,HSP90AA1,P07900
98,IPI00009542,Melanoma-associated antigen D2,MAGED2,Q9UNF1
98,IPI00013214,DNA replication licensing factor MCM3,MCM3,P25205
98,IPI00018350,DNA replication licensing factor MCM5,MCM5,P33992
98,IPI00477231,Bifunctional protein NCOAT,MGEA5,O60502
98,IPI00218319,Tropomyosin alpha-3 chain,TPM3,P06753
99,IPI00027342,Adenylyl cyclase-associated protein 2,CAP2,P40123
99,IPI00903062,"cDNA FLJ43948 fis, clone TESTI4014924, highly similar to Homo sapiens cytoplasmic FMR1 interacting protein 1 (CYFIP1), transcript variant 1, mRNA",CYFIP1,B3KWV6
100,IPI00011285,Calpain-1 catalytic subunit,CAPN1,P07384
100,IPI00216675,Caspase-7,CASP7,P55210
100,IPI00028565,Interferon-induced guanylate-binding protein 2,GBP2,P32456
100,IPI00007146,DNA replication complex GINS protein PSF2,GINS2,Q9Y248
100,IPI00012102,N-acetylglucosamine-6-sulfatase,GNS,P15586
100,IPI00016862,"Glutathione reductase, mitochondrial",GSR,P00390
100,IPI00022745,Diphosphomevalonate decarboxylase,MVD,P53602
100,IPI00022078,Protein NDRG1,NDRG1,Q92597
100,IPI00257882,Xaa-Pro dipeptidase,PEPD,P12955
100,IPI00477982,Ribosomal protein S6 kinase alpha-1,RPS6KA1,Q15418
100,IPI00640525,"Carrier family 6, member 8 variant",PPGB,Q59EV6
101,IPI00005969,F-actin-capping protein subunit alpha-1,CAPZA1,P52907
101,IPI00026182,F-actin-capping protein subunit alpha-2,CAPZA2,P47755
102,IPI00639957,Histone-arginine methyltransferase CARM1,CARM1,Q86X55
102,IPI00013219,Integrin-linked protein kinase,ILK,Q13418
102,IPI00018963,Alpha-parvin,PARVA,Q9NVD7
103,IPI00219649,Cystathionine beta-synthase,CBS,P35520
103,IPI00009328,Eukaryotic initiation factor 4A-III,EIF4A3,P38919
103,IPI00001676,Nuclear protein localization protein 4 homolog,NPLOC4,Q8TAT6
103,IPI00007935,PDZ and LIM domain protein 5,PDLIM5,Q96HC4
103,IPI00479186,Pyruvate kinase isozymes M1/M2,PKM2,P14618
103,IPI00008223,UV excision repair protein RAD23 homolog B,RAD23B,P54727
103,IPI00293434,Signal recognition particle 14 kDa protein,SRP14,P37108
103,IPI00023234,SUMO-activating enzyme subunit 2,UBA2,Q9UBT2
104,IPI00644671,Coiled-coil and C2 domain-containing protein 1B,CC2D1B,Q5T0F9
104,IPI00011937,Peroxiredoxin-4,PRDX4,Q13162
105,IPI00060627,Coiled-coil domain-containing protein 124,CCDC124,Q96CT7
105,IPI00300341,Transcription elongation factor B polypeptide 1,TCEB1,Q15369
105,IPI00306290,Exportin-T,XPOT,O43592
106,IPI00061356,Protein Spindly,CCDC99,Q96EA4
106,IPI00856115,"cDNA FLJ77771, highly similar to Homo sapiens replication initiator 1, mRNA",REPIN1,A8K9F5
107,IPI00297779,T-complex protein 1 subunit beta,CCT2,P78371
107,IPI00553185,T-complex protein 1 subunit gamma,CCT3,P49368
107,IPI00302927,T-complex protein 1 subunit delta,CCT4,P50991
107,IPI00010720,T-complex protein 1 subunit epsilon,CCT5,P48643
107,IPI00027626,T-complex protein 1 subunit zeta,CCT6A,P40227
107,IPI00018465,T-complex protein 1 subunit eta,CCT7,Q99832
107,IPI00784090,T-complex protein 1 subunit theta,CCT8,P50990
107,IPI00290566,T-complex protein 1 subunit alpha,TCP1,P17987
108,IPI00305064,CD44 antigen,CD44,P16070
108,IPI00377261,Far upstream element-binding protein 3,FUBP3,Q96I24
108,IPI00742124,UBX domain-containing protein 7,UBXN7,O94888
109,IPI00027120,Ubiquitin-conjugating enzyme E2 R1,CDC34,P49427
109,IPI00029054,Cytosolic purine 5'-nucleotidase,NT5C2,P49902
109,IPI00021700,Proliferating cell nuclear antigen,PCNA,P12004
109,IPI00009305,Glucosamine-6-phosphate isomerase 1,GNPDA1,P46926
109,IPI00333067,Probable E3 ubiquitin-protein ligase HERC4,HERC4,Q5GLZ8
109,IPI00008219,UV excision repair protein RAD23 homolog A,RAD23A,P54725
109,IPI00024664,Ubiquitin carboxyl-terminal hydrolase 5,USP5,P45974
109,IPI00295400,"Tryptophanyl-tRNA synthetase, cytoplasmic",WARS,P23381
110,IPI00302028,Hsp90 co-chaperone Cdc37-like 1,CDC37L1,Q7L3B6
110,IPI00027230,Endoplasmin,HSP90B1,P14625
110,IPI00023330,LisH domain and HEAT repeat-containing protein KIAA1468,KIAA1468,Q9P260
110,IPI00954786,"cDNA FLJ56416, highly similar to Ubiquitin-associated protein 1",UBAP1,B7Z8N9
110,IPI00791721,Ubiquitin carboxyl-terminal hydrolase 25,USP25,Q9UHP3
111,IPI00909484,"cDNA FLJ54776, highly similar to Cell division control protein 42 homolog",CDC42,B4E1U9
111,IPI00410162,"Transcription elongation factor B (SIII), polypeptide 2 (18kDa, elongin B), isoform CRA_a",TCEB2,B7WPD3
112,IPI00552413,Cyclin-dependent kinase 9,CDK9,P50750
112,IPI00299524,Condensin complex subunit 1,NCAPD2,Q15021
112,IPI00106495,Condensin complex subunit 3,NCAPG,Q9BPX3
112,IPI00299507,Condensin complex subunit 2,NCAPH,Q15003
112,IPI00014898,Plectin,PLEC,Q15149
112,IPI00007927,Structural maintenance of chromosomes protein 2,SMC2,O95347
112,IPI00411559,Structural maintenance of chromosomes protein 4,SMC4,Q9NTJ3
112,IPI00028412,Sjoegren syndrome/scleroderma autoantigen 1,SSSCA1,O60232
112,IPI00021954,Golgi-specific brefeldin A-resistance guanine nucleotide exchange factor 1,GBF1,Q92538
113,IPI00100796,Charged multivesicular body protein 5,CHMP5,Q9NZZ3
113,IPI00017376,Protein transport protein Sec23B,SEC23B,Q15437
114,IPI00022977,Creatine kinase B-type,CKB,P12277
114,IPI00177728,Cytosolic non-specific dipeptidase,CNDP2,Q96KP4
114,IPI00216008,Glucose-6-phosphate 1-dehydrogenase,G6PD,P11413
114,IPI00219217,L-lactate dehydrogenase B chain,LDHB,P07195
114,IPI00026216,Puromycin-sensitive aminopeptidase,NPEPPS,P55786
114,IPI00419979,Serine/threonine-protein kinase PAK 2,PAK2,Q13177
114,IPI00003527,Na(+)/H(+) exchange regulatory cofactor NHE-RF1,SLC9A3R1,O14745
114,IPI00871843,Protein-glutamine gamma-glutamyltransferase 2,TGM2,P21980
114,IPI00005194,Ubiquitin domain-containing protein UBFD1,UBFD1,O14562
114,IPI00220642,14-3-3 protein gamma,YWHAG,P61981
114,IPI00018146,14-3-3 protein theta,YWHAQ,P27348
114,IPI00021263,14-3-3 protein zeta/delta,YWHAZ,P63104
115,IPI00004795,Methylosome subunit pICln,CLNS1A,P54105
115,IPI00647163,Transcription elongation factor A protein-like 4,TCEAL4,Q96EI5
116,IPI00166612,Cardiomyopathy-associated protein 5,CMYA5,Q8N3K9
116,IPI00328350,Protein Niban,FAM129A,Q9BZQ8
116,IPI00025616,DNA polymerase delta subunit 2,POLD2,P49005
116,IPI00902614,Ubiquitin carboxyl-terminal hydrolase 24,USP24,Q9UPU5
117,IPI00910593,"cDNA FLJ52765, highly similar to Calponin-2",CNN2,B4DUT8
117,IPI00797537,NudC domain-containing protein 1,NUDCD1,Q96RS6
117,IPI00328243,Phospholipase D3,PLD3,Q8IV08
118,IPI00166010,CCR4-NOT transcription complex subunit 1,CNOT1,A5YKK6
118,IPI00555744,60S ribosomal protein L14,RPL14,P50914
118,IPI00641384,Protein transport protein Sec16A,SEC16A,O15027
119,IPI00184821,Bifunctional coenzyme A synthase,COASY,Q13057
119,IPI00060181,EF-hand domain-containing protein D2,EFHD2,Q96C19
119,IPI00216171,Gamma-enolase,ENO2,P09104
119,IPI00008552,Glutaredoxin-3,GLRX3,O76003
119,IPI00029079,GMP synthase [glutamine-hydrolyzing],GMPS,P49915
119,IPI00017672,Purine nucleoside phosphorylase,PNP,P00491
119,IPI00015842,Reticulocalbin-1,RCN1,Q15293
119,IPI00014361,GDP-L-fucose synthase,TSTA3,Q13630
120,IPI00377050,Conserved oligomeric Golgi complex subunit 5,COG5,Q9UP83
120,IPI00306959,"Keratin, type II cytoskeletal 7",KRT7,P08729
121,IPI00220219,Coatomer subunit beta',COPB2,P35606
121,IPI00744637,RUN and FYVE domain-containing protein 1,RUFY1,Q96T51
121,IPI00016868,Telomere length regulation protein TEL2 homolog,TELO2,Q9Y4R8
121,IPI00011702,TEL2-interacting protein 1 homolog,TTI1,O43156
122,IPI00465132,Coatomer subunit epsilon,COPE,O14579
122,IPI00479722,Proteasome activator complex subunit 1,PSME1,Q06323
122,IPI00016702,Rab GTPase-activating protein 1,RABGAP1,Q9Y3P9
122,IPI00251559,E3 ubiquitin-protein ligase BRE1A,RNF20,Q5VTR2
123,IPI00018813,COP9 signalosome complex subunit 2,COPS2,P61201
123,IPI00025721,COP9 signalosome complex subunit 3,COPS3,Q9UNS2
123,IPI00171844,COP9 signalosome complex subunit 4,COPS4,Q9BT78
123,IPI00009958,COP9 signalosome complex subunit 5,COPS5,Q92905
123,IPI00163230,COP9 signalosome complex subunit 6,COPS6,Q7L5N1
123,IPI00301419,COP9 signalosome complex subunit 7a,COPS7A,Q9UBW8
123,IPI00009301,COP9 signalosome complex subunit 7b,COPS7B,Q9H9Q2
123,IPI00009480,COP9 signalosome complex subunit 8,COPS8,Q99627
123,IPI00414289,COP9 signalosome complex subunit 1,GPS1,Q13098
124,IPI00007058,Coronin-1B,CORO1B,Q9BR76
124,IPI00002957,TBC1 domain family member 17,TBC1D17,Q9HA65
124,IPI00029400,Zinc finger Ran-binding domain-containing protein 2,ZRANB2,O95218
124,IPI00556376,Long form collapsin response mediator protein 1,CRMP1,A0EJG6
124,IPI00182180,OTU domain-containing protein 6B,OTUD6B,Q8N6M0
125,IPI00867509,Coronin-1C_i3 protein,CORO1C,A7MAP1
125,IPI00550746,Nuclear migration protein nudC,NUDC,Q9Y266
125,IPI00384028,Poly(A) polymerase alpha,PAPOLA,P51003
125,IPI00069750,Poly(U)-binding-splicing factor PUF60,PUF60,Q9UHX1
125,IPI00329633,"Threonyl-tRNA synthetase, cytoplasmic",TARS,P26639
125,IPI00020513,Uncharacterized protein,ZYX,B4DQR8
125,IPI00647286,Niban-like protein 1,FAM129B,Q96TA1
125,IPI00219038,Histone H3.3,H3F3A,P84243
125,IPI00798102,Vacuolar protein sorting-associated protein 29,VPS29,Q9UBQ0
125,IPI00018931,Vacuolar protein sorting-associated protein 35,VPS35,Q96QK1
126,IPI00456492,Rootletin,CROCC,Q5TZA2
126,IPI00290416,Obg-like ATPase 1,OLA1,Q9NTK5
126,IPI00100731,SH2 domain-containing protein 4A,SH2D4A,Q9H788
127,IPI00000792,Quinone oxidoreductase,CRYZ,Q08257
127,IPI00180675,Tubulin alpha-1A chain,TUBA1A,Q71U36
127,IPI00218343,Tubulin alpha-1C chain,TUBA1C,Q9BQE3
127,IPI00007750,Tubulin alpha-4A chain,TUBA4A,P68366
127,IPI00011654,0,TUBB,0
127,IPI00007752,Tubulin beta-2C chain,TUBB2C,P68371
128,IPI00022744,Exportin-2,CSE1L,P55060
128,IPI00028277,Alpha-ketoglutarate-dependent dioxygenase FTO,FTO,Q9C0B1
128,IPI00147874,Sialic acid synthase,NANS,Q9NR45
128,IPI00010153,60S ribosomal protein L23,RPL23,P62829
129,IPI00442073,Cysteine and glycine-rich protein 1,CSRP1,P21291
129,IPI00299254,Eukaryotic translation initiation factor 5B,EIF5B,O60841
129,IPI00432363,"Microtubule-actin cross-linking factor 1, isoform 4",MACF1,Q96PK2
129,IPI00874277,Putative uncharacterized protein MAP7,MAP7,A8MPQ8
130,IPI00021828,Cystatin-B,CSTB,P04080
130,IPI00007074,"Tyrosyl-tRNA synthetase, cytoplasmic",YARS,P54577
131,IPI00902991,BetaCstF-64 variant 2,CSTF2,B3V096
131,IPI00219871,"N-alpha-acetyltransferase 38, NatC auxiliary subunit",NAA38,O95777
132,IPI00031557,Cystathionine gamma-lyase,CTH,P32929
132,IPI00030207,"GDP-mannose 4,6 dehydratase",GMDS,O60547
133,IPI00473136,Catenin alpha-1,CTNNA1,P35221
133,IPI00439415,Eukaryotic translation initiation factor 4B,EIF4B,P23588
133,IPI00306960,"Asparaginyl-tRNA synthetase, cytoplasmic",NARS,O43776
133,IPI00294739,SAM domain and HD domain-containing protein 1,SAMHD1,Q9Y3Z3
133,IPI00184533,Ubiquitin carboxyl-terminal hydrolase 11,USP11,P51784
133,IPI00220834,X-ray repair cross-complementing protein 5,XRCC5,P13010
133,IPI00873530,FAS-associated factor 1,FAF1,Q9UNN5
133,IPI00217952,Glucosamine--fructose-6-phosphate aminotransferase [isomerizing] 1,GFPT1,Q06210
133,IPI00304875,HIRA-interacting protein 3,HIRIP3,Q9BW71
133,IPI00453473,Histone H4,HIST1H4A,P62805
133,IPI00514983,"Heat shock 105kDa/110kDa protein 1, isoform CRA_b",HSPH1,B4DYH1
133,IPI00024971,Oxysterol-binding protein 1,OSBP,P22059
133,IPI00401321,Protein arginine N-methyltransferase 3,PRMT3,O60678
133,IPI00017375,Protein transport protein Sec23A,SEC23A,Q15436
133,IPI00386119,Splicing factor 1,SF1,Q15637
133,IPI00019450,60 kDa SS-A/Ro ribonucleoprotein,TROVE2,P10155
133,IPI00855940,"cDNA FLJ76855, highly similar to Homo sapiens exportin 7 (XPO7), mRNA",XPO7,A8K607
134,IPI00645702,CTP synthase 2,CTPS2,Q9NRF8
134,IPI00014307,Myotubularin-related protein 2,MTMR2,Q13614
135,IPI00014310,Cullin-1,CUL1,Q13616
135,IPI00646762,Uncharacterized protein,NUDT5,A6NFX8
135,IPI00020416,Tripeptidyl-peptidase 2,TPP2,P29144
136,IPI00014311,Cullin-2,CUL2,Q13617
136,IPI00029111,Collapsin response mediator protein 4 long variant,LCRMP,B3SXQ8
136,IPI00017303,DNA mismatch repair protein Msh2,MSH2,P43246
136,IPI00032826,Hsc70-interacting protein,ST13,P50502
137,IPI00014312,Cullin-3,CUL3,Q13618
137,IPI00023191,"cDNA FLJ54710, highly similar to Target of Myb protein 1",TOM1,B4DKQ5
138,IPI00216003,Cullin-5,CUL5,Q93034
138,IPI00015947,DnaJ homolog subfamily B member 1,DNAJB1,P25685
139,IPI00034319,Protein CutA,CUTA,O60888
139,IPI00301489,Uroporphyrinogen decarboxylase,UROD,P06132
140,IPI00300408,Copper homeostasis protein cutC homolog,CUTC,Q9NTM9
140,IPI00020021,Protein DEK,DEK,P35659
141,IPI00107104,UPF0368 protein Cxorf26,CXorf26,Q9BVG4
141,IPI00023649,Protein strawberry notch homolog 1,SBNO1,A3KN83
141,IPI00005154,FACT complex subunit SSRP1,SSRP1,Q08945
142,IPI00889783,Cysteine and histidine-rich protein 1,CYHR1,Q6ZMK1
142,IPI00021924,Histone H1x,H1FX,Q92522
142,IPI00012450,N-myc-interactor,NMI,Q13287
142,IPI00654582,Toll interacting protein variant,TOLLIP,Q59FB9
142,IPI00555883,Dynamin-1-like protein,DNM1L,O00429
142,IPI00411426,Vacuolar protein sorting-associated protein 26A,VPS26A,O75436
143,IPI00853598,"cDNA FLJ56334, highly similar to SEC13-related protein",D3S1231E,B4DXJ1
143,IPI00021320,7SK snRNA methylphosphate capping enzyme,MEPCE,Q7L2J0
144,IPI00551024,Bifunctional ATP-dependent dihydroxyacetone kinase/FAD-AMP lyase (cyclizing),DAK,Q3LXA3
144,IPI00028564,Interferon-induced guanylate-binding protein 1,GBP1,P32455
144,IPI00033036,Methionine aminopeptidase 2,METAP2,P50579
145,IPI00290071,DDB1- and CUL4-associated factor 8,DCAF8,Q5TAQ9
145,IPI00015973,Band 4.1-like protein 2,EPB41L2,O43491
145,IPI00441473,Protein arginine N-methyltransferase 5,PRMT5,O14744
145,IPI00012202,Methylosome protein 50,WDR77,Q9BQA1
146,IPI00335385,Scavenger mRNA-decapping enzyme DcpS,DCPS,Q96C86
146,IPI00010706,Glutathione synthetase,GSS,P48637
146,IPI00026546,Platelet-activating factor acetylhydrolase IB subunit beta,PAFAH1B2,P68402
146,IPI00220402,Uncharacterized protein,PPP1R2,E7EMN6
146,IPI00855767,"cDNA FLJ30470 fis, clone BRAWH1000040, highly similar to Rap1 GTPase-GDP dissociation stimulator 1",RAP1GDS1,B3KNU0
146,IPI00307162,Vinculin,VCL,P18206
147,IPI00940000,DEAD box polypeptide 17 isoform p82 variant,DDX17,Q59F66
147,IPI00642904,Uncharacterized protein,PABPC4,E9PBN1
147,IPI00797603,Phosphoribosyl pyrophosphate synthase-associated protein 1,PRPSAP1,Q14558
148,IPI00019918,ATP-dependent RNA helicase DDX19A,DDX19A,Q9NUU7
148,IPI00940755,Uncharacterized protein,DENR,F8VVL1
149,IPI00644431,"cDNA FLJ55484, highly similar to ATP-dependent RNA helicase DDX39 (EC 3.6.1.-)",DDX39A,B4DX78
149,IPI00784154,"60 kDa heat shock protein, mitochondrial",HSPD1,P10809
150,IPI00215637,ATP-dependent RNA helicase DDX3X,DDX3X,O00571
150,IPI00025091,40S ribosomal protein S11,RPS11,P62280
150,IPI00029012,Eukaryotic translation initiation factor 3 subunit A,EIF3A,Q14152
150,IPI00016910,Eukaryotic translation initiation factor 3 subunit C,EIF3C,Q99613
150,IPI00791086,Uncharacterized protein,EIF3D,A8MWD3
150,IPI00013068,Eukaryotic translation initiation factor 3 subunit E,EIF3E,P60228
150,IPI00465233,"Eukaryotic translation initiation factor 3, subunit E interacting protein",EIF3EIP,B0QY89
150,IPI00647650,"Eukaryotic translation initiation factor 3, subunit 3 gamma, 40kDa, isoform CRA_b",EIF3S3,B3KS98
150,IPI00646839,Uncharacterized protein,EIF3CL,B5ME19
150,IPI00019770,Ubiquitin-like protein FUBI,FAU,P35544
150,IPI00641950,Guanine nucleotide-binding protein subunit beta-2-like 1,GNB2L1,P63244
150,IPI00413108,37 kDa laminin receptor precursor,LAMBR,P08865
150,IPI00185919,La-related protein 1,LARP1,Q6PKG0
150,IPI00024524,RNA-binding protein PNO1,PNO1,Q9NRX1
150,IPI00008438,40S ribosomal protein S10,RPS10,P46783
150,IPI00847579,40S ribosomal protein S12,RPS12,P25398
150,IPI00221089,40S ribosomal protein S13,RPS13,P62277
150,IPI00026271,40S ribosomal protein S14,RPS14,P62263
150,IPI00221091,40S ribosomal protein S15a,RPS15A,P62244
150,IPI00221092,40S ribosomal protein S16,RPS16,P62249
150,IPI00013296,40S ribosomal protein S18,RPS18,P62269
150,IPI00215780,40S ribosomal protein S19,RPS19,P39019
150,IPI00013485,40S ribosomal protein S2,RPS2,P15880
150,IPI00012493,40S ribosomal protein S20,RPS20,P60866
150,IPI00017448,40S ribosomal protein S21,RPS21,P63220
150,IPI00218606,40S ribosomal protein S23,RPS23,P62266
150,IPI00029750,Uncharacterized protein,RPS24,E7EPK6
150,IPI00012750,40S ribosomal protein S25,RPS25,P62851
150,IPI00655650,40S ribosomal protein S26,RPS26,P62854
150,IPI00397358,Ribosomal protein S27,RPS27,Q5T4L4
150,IPI00887241,40S ribosomal protein S28,RPS28,P62857
150,IPI00182289,40S ribosomal protein S29,RPS29,P62273
150,IPI00011253,40S ribosomal protein S3,RPS3,P23396
150,IPI00419880,40S ribosomal protein S3a,RPS3A,P61247
150,IPI00217030,"40S ribosomal protein S4, X isoform",RPS4X,P62701
150,IPI00008433,40S ribosomal protein S5,RPS5,P46782
150,IPI00021840,40S ribosomal protein S6,RPS6,P62753
150,IPI00013415,40S ribosomal protein S7,RPS7,P62081
150,IPI00872430,40S ribosomal protein S8,RPS8,P62241
150,IPI00221088,40S ribosomal protein S9,RPS9,P46781
150,IPI00410693,Plasminogen activator inhibitor 1 RNA-binding protein,SERBP1,Q8NC51
150,IPI00292894,Pre-rRNA-processing protein TSR1 homolog,TSR1,Q2NL82
150,IPI00790634,Partner of Y14 and mago,WIBG,Q9BRP8
151,IPI00030320,Probable ATP-dependent RNA helicase DDX6,DDX6,P26196
151,IPI00020008,NEDD8,NEDD8,Q15843
152,IPI00219677,Putative deoxyribose-phosphate aldolase,DERA,Q9Y315
152,IPI00157176,Male-enhanced antigen 1,MEA1,Q16626
153,IPI00396435,Putative pre-mRNA-splicing factor ATP-dependent RNA helicase DHX15,DHX15,O43143
153,IPI00307334,Methionine synthase reductase,MTRR,Q9UBK8
154,IPI00852685,Protein diaphanous homolog 1,DIAPH1,O60610
154,IPI00337465,Kinesin light chain 1,KLC1,Q07866
154,IPI00021634,Kinesin light chain 2,KLC2,Q9H0B6
154,IPI00743879,Kinesin light chain 4,KLC4,Q9NSK0
154,IPI00034006,Tyrosine-protein phosphatase non-receptor type 23,PTPN23,Q9H3S7
154,IPI00414323,Serine/threonine-protein phosphatase 4 regulatory subunit 3B,SMEK2,Q5MIZ7
155,IPI00008454,DnaJ homolog subfamily B member 11,DNAJB11,Q9UBS4
155,IPI00412898,SPARC-related modular calcium-binding protein 1,SMOC1,Q9H4F8
156,IPI00003848,DnaJ homolog subfamily B member 4,DNAJB4,Q9UDY4
156,IPI00023860,Nucleosome assembly protein 1-like 1,NAP1L1,P55209
157,IPI00887273,Dynamin-1,DNM1,Q05193
157,IPI00019205,Interferon regulatory factor 2-binding protein-like,IRF2BPL,Q9H1B7
157,IPI00075081,Fanconi anemia group D2 protein,FANCD2,Q9BXW9
157,IPI00026496,Nucleoplasmin-3,NPM3,O75607
157,IPI00297477,U2 small nuclear ribonucleoprotein A',SNRPA1,P09661
158,IPI00174025,Dynamin-binding protein,DNMBP,Q6XZF7
158,IPI00290461,Eukaryotic translation initiation factor 3 subunit J,EIF3J,O75822
158,IPI00010400,"1-phosphatidylinositol-4,5-bisphosphate phosphodiesterase beta-3",PLCB3,Q01970
159,IPI00020672,Dipeptidyl peptidase 3,DPP3,Q9NY33
159,IPI00018873,Nicotinamide phosphoribosyltransferase,NAMPT,P43490
160,IPI00296141,Dipeptidyl peptidase 2,DPP7,Q9UHL4
160,IPI00383849,"1-phosphatidylinositol-4,5-bisphosphate phosphodiesterase gamma-1",PLCG1,P19174
160,IPI00004358,"Glycogen phosphorylase, brain form",PYGB,P11216
160,IPI00100106,Synembryn-A,RIC8A,Q9NPQ8
160,IPI00798360,SAP domain-containing ribonucleoprotein,SARNP,P82979
160,IPI00019269,WD repeat-containing protein 61,WDR61,Q9GZS3
161,IPI00940180,0,DPP9,0
161,IPI00103415,Signal transducer and activator of transcription 5B,STAT5B,P51692
162,IPI00008991,Protein Dr1,DR1,Q01658
162,IPI00186721,Golgi-associated PDZ and coiled-coil motif-containing protein,GOPC,Q9HD26
162,IPI00011609,Ubiquitin-protein ligase E3A,UBE3A,Q05086
163,IPI00022697,Developmentally-regulated GTP-binding protein 2,DRG2,P55039
163,IPI00010080,Serine/threonine-protein kinase OSR1,OXSR1,O95747
164,IPI00019329,"Dynein light chain 1, cytoplasmic",DYNLL1,P63167
164,IPI00018140,Heterogeneous nuclear ribonucleoprotein Q,SYNCRIP,O60506
165,IPI00639982,Uncharacterized protein,DYNLT3,A6NGJ0
165,IPI00012462,Eukaryotic translation initiation factor 2A,EIF2A,Q9BY44
166,IPI00178440,Elongation factor 1-beta,EEF1B2,P24534
166,IPI00000875,Uncharacterized protein,EEF1G,B4DTG2
166,IPI00893918,Uncharacterized protein,VARS,B0V043
167,IPI00064086,Elongation factor 1-delta,EEF1D,P29692
167,IPI00003565,26S proteasome non-ATPase regulatory subunit 10,PSMD10,O75832
168,IPI00011689,Eukaryotic elongation factor 2 kinase,EEF2K,O00418
168,IPI00033130,SUMO-activating enzyme subunit 1,SAE1,Q9UBE0
169,IPI00296421,EH domain-binding protein 1-like protein 1,EHBP1L1,Q8N3D4
169,IPI00396171,Microtubule-associated protein 4,MAP4,P27816
169,IPI00031627,DNA-directed RNA polymerase II subunit RPB1,POLR2A,P24928
169,IPI00922383,"cDNA FLJ57430, highly similar to DNA-directed RNA polymerase II 33 kDa polypeptide (EC 2.7.7.6)",POLR2C,B7Z6D1
169,IPI00411730,Serine/threonine-protein phosphatase 4 regulatory subunit 1,PPP4R1,Q8TF05
169,IPI00184477,Gephyrin,GPHN,Q9NQX3
170,IPI00232533,"Eukaryotic translation initiation factor 1A, X-chromosomal",EIF1AX,P47813
170,IPI00021466,Polyadenylate-binding protein-interacting protein 1,PAIP1,Q9H074
170,IPI00183508,Protein A6,PTK9,Q12792
171,IPI00719752,Eukaryotic translation initiation factor 3 subunit B,EIF3B,P55884
171,IPI00290460,Eukaryotic translation initiation factor 3 subunit G,EIF3G,O75821
171,IPI00012795,Eukaryotic translation initiation factor 3 subunit I,EIF3I,Q13347
172,IPI00014263,Eukaryotic translation initiation factor 4H,EIF4H,Q15056
172,IPI00025869,Alpha-galactosidase A,GLA,P06280
173,IPI00022648,Eukaryotic translation initiation factor 5,EIF5,P55010
173,IPI00401264,Endoplasmic reticulum resident protein 44,ERP44,Q9BS26
173,IPI00383500,"cDNA FLJ77570, highly similar to Homo sapiens pleckstrin homology domain containing, family C (with FERM domain) member 1 (PLEKHC1), mRNA",FERMT2,A8K6S3
174,IPI00376005,Eukaryotic translation initiation factor 5A-1,EIF5A,P63241
174,IPI00289159,"Glutaminase kidney isoform, mitochondrial",GLS,O94925
175,IPI00396627,Zinc phosphodiesterase ELAC protein 2,ELAC2,Q9BQ52
175,IPI00735319,0,LOC646817,0
175,IPI00018768,Translin,TSN,Q15631
175,IPI00243221,Nardilysin (N-arginine dibasic convertase),NRD1,B1AKJ5
175,IPI00000051,Prefoldin subunit 1,PFDN1,O60925
175,IPI00747748,Serine/threonine-protein phosphatase 2B catalytic subunit alpha isoform,PPP3CA,Q08209
175,IPI00640703,Exportin-5,XPO5,Q9HAV4
176,IPI00015560,"cDNA FLJ60364, highly similar to Stat3-interacting protein",ELP2,B4DXP0
176,IPI00420014,U5 small nuclear ribonucleoprotein 200 kDa helicase,SNRNP200,O75643
177,IPI00165477,Elongator complex protein 3,ELP3,Q9H9T3
177,IPI00298991,WASH complex subunit 7,KIAA1033,Q2M389
177,IPI00894492,Ubiquitin carboxyl-terminal hydrolase 34,USP34,Q70CQ2
178,IPI00784483,Elongator complex protein 4,ELP4,Q96EB1
178,IPI00298935,Lysine-specific demethylase 3B,KDM3B,Q7LBC6
178,IPI00425409,Kinesin-like protein KIF21A,KIF21A,Q7Z4S6
178,IPI00063219,H/ACA ribonucleoprotein complex non-core subunit NAF1,NAF1,Q96HR8
178,IPI00329512,Small nuclear ribonucleoprotein-associated proteins B and B',SNRPB,P14678
179,IPI00646954,0,ENAH,0
179,IPI00871856,Stress-induced-phosphoprotein 1,STIP1,P31948
180,IPI00647389,Epsin-1,EPN1,Q9Y6I3
180,IPI00449197,GMP reductase,GMPR2,Q6PKC0
181,IPI00292134,Epidermal growth factor receptor substrate 15,EPS15,P42566
181,IPI00790530,Nuclear pore complex protein Nup85,NUP85,Q9BW27
182,IPI00216873,3'-5' exoribonuclease 1,ERI1,Q8IV48
182,IPI00334587,Heterogeneous nuclear ribonucleoprotein A/B,HNRNPAB,Q99729
182,IPI00972952,Serine/threonine-protein kinase WNK1,WNK1,Q9H4A3
183,IPI00015905,Exosome complex component RRP4,EXOSC2,Q13868
183,IPI00216298,Thioredoxin,TXN,P10599
184,IPI00745613,Exosome complex component RRP41,EXOSC4,Q9NPD3
184,IPI00217468,Histone H1.5,HIST1H1B,P16401
185,IPI00299517,BRISC complex subunit Abro1,FAM175B,Q15018
185,IPI00022386,Thioredoxin domain-containing protein 9,TXNDC9,O14530
186,IPI00792422,WASH complex subunit FAM21A,FAM21A,Q641Q2
186,IPI00855820,Protein MON2 homolog,MON2,Q7Z3U7
187,IPI00031820,Phenylalanyl-tRNA synthetase alpha chain,FARSA,Q9Y285
187,IPI00008527,60S acidic ribosomal protein P1,RPLP1,P05386
188,IPI00300074,Phenylalanyl-tRNA synthetase beta chain,FARSB,Q9NSD9
188,IPI00025273,Trifunctional purine biosynthetic protein adenosine-3,GART,P22102
188,IPI00337495,"Procollagen-lysine,2-oxoglutarate 5-dioxygenase 2",PLOD2,O00469
188,IPI00026337,Ran-binding protein 3,RANBP3,Q9H6Z4
188,IPI00301311,Protein SET,SET,Q01105
188,IPI00307200,"SWAP-70 protein, isoform CRA_b",SWAP70,B3KUB9
188,IPI00329331,Uncharacterized protein,UGP2,C9JUW1
189,IPI00026781,Fatty acid synthase,FASN,P49327
189,IPI00448751,Shootin-1,KIAA1598,A0MZ66
189,IPI00016802,NAD-dependent deacetylase sirtuin-1,SIRT1,Q96EB6
189,IPI00010779,Tropomyosin alpha-4 chain,TPM4,P67936
190,IPI00101405,Farnesyl pyrophosphate synthase,FDPS,P14324
190,IPI00604590,Nucleoside diphosphate kinase,NME1-NME2,Q32Q12
190,IPI00216694,Plastin-3,PLS3,P13797
191,IPI00303300,Peptidyl-prolyl cis-trans isomerase FKBP10,FKBP10,Q96AY3
191,IPI00003881,Heterogeneous nuclear ribonucleoprotein F,HNRNPF,P52597
191,IPI00033600,Protein phosphatase 1 regulatory subunit 7,PPP1R7,Q15435
191,IPI00029048,Tubulin--tyrosine ligase-like protein 12,TTLL12,Q14166
192,IPI00900293,Filamin B,FLNB,B2ZZ83
192,IPI00178352,Filamin-C,FLNC,Q14315
192,IPI00179473,Sequestosome-1,SQSTM1,Q13501
193,IPI00026813,Protein farnesyltransferase/geranylgeranyltransferase type-1 subunit alpha,FNTA,P49354
193,IPI00010414,PDZ and LIM domain protein 1,PDLIM1,O00151
194,IPI00956205,Full-length cDNA clone CS0DC015YK16 of Neuroblastoma of Homo sapiens (human),FNTB,Q86TX8
194,IPI00735181,Protein unc-45 homolog A,UNC45A,Q9H3U1
195,IPI00739940,Protein furry homolog-like,FRYL,O94915
195,IPI00002922,F-box-like/WD repeat-containing protein TBL1XR1,TBL1XR1,Q9BZK7
196,IPI00375676,Ferritin,FTL,F5H1X1
196,IPI00070003,Nucleosome assembly protein 1-like 5,NAP1L5,Q96NT1
196,IPI00027028,Paraneoplastic antigen Ma2,PNMA2,Q9UL42
197,IPI00299413,GA-binding protein alpha chain,GABPA,Q06546
197,IPI00896504,Bifunctional UDP-N-acetylglucosamine 2-epimerase/N-acetylmannosamine kinase,GNE,Q9Y223
197,IPI00453458,Nuclear receptor coactivator 7,NCOA7,Q8NI08
197,IPI00927682,Uncharacterized protein,RAB3GAP1,C9J837
197,IPI00554590,Rab3 GTPase-activating protein non-catalytic subunit,RAB3GAP2,Q9H2M9
197,IPI00940410,tRNA-splicing endonuclease subunit Sen34,TSEN34,Q9BSV6
198,IPI00783097,Glycyl-tRNA synthetase,GARS,P41250
198,IPI00016912,Tetratricopeptide repeat protein 1,TTC1,Q99614
199,IPI00215768,Glutamate--cysteine ligase catalytic subunit,GCLC,P48506
199,IPI00001734,Phosphoserine aminotransferase,PSAT1,Q9Y617
200,IPI00010090,Glutamate--cysteine ligase regulatory subunit,GCLM,P48507
200,IPI00925691,Guanine nucleotide-binding protein G(i) subunit alpha-2,GNAI2,P04899
200,IPI00923582,"cDNA FLJ59687, highly similar to Secernin-1",SCRN1,B4DHM0
201,IPI00001159,Translational activator GCN1,GCN1L1,Q92616
201,IPI00215888,Signal recognition particle 72 kDa protein,SRP72,O76094
201,IPI00927399,Ubiquitin carboxyl-terminal hydrolase,USP19,E7EN22
202,IPI00419575,Golgi to ER traffic protein 4 homolog,GET4,Q7L5D6
202,IPI00031410,Serine/threonine-protein kinase mTOR,MTOR,P42345
202,IPI00306056,Ribonuclease P protein subunit p25,RPP25,Q9BUL9
203,IPI00002496,Mannose-1-phosphate guanyltransferase beta,GMPPB,Q9Y5P6
203,IPI00291205,"cGMP-inhibited 3',5'-cyclic phosphodiesterase A",PDE3A,Q14432
204,IPI00220578,Guanine nucleotide-binding protein G(k) subunit alpha,GNAI3,P08754
204,IPI00216746,Heterogeneous nuclear ribonucleoprotein K,HNRNPK,P61978
205,IPI00015688,Glypican-1,GPC1,P35052
205,IPI00021831,cAMP-dependent protein kinase type I-alpha regulatory subunit,PRKAR1A,P10644
206,IPI00019981,Transcription initiation factor IIE subunit beta,GTF2E2,P29084
206,IPI00217465,Histone H1.2,HIST1H1C,P16403
207,IPI00054042,General transcription factor II-I,GTF2I,P78347
207,IPI00295542,Nucleobindin-1,NUCB1,Q02818
208,IPI00916847,0,GTPBP9,0
208,IPI00017596,Microtubule-associated protein RP/EB family member 1,MAPRE1,Q15691
208,IPI00029266,Small nuclear ribonucleoprotein E,SNRPE,P62304
208,IPI00220528,Small nuclear ribonucleoprotein F,SNRPF,P62306
209,IPI00218448,Histone H2A.Z,H2AFZ,P0C0S5
209,IPI00152453,Melanocyte-stimulating hormone receptor,MC1R,Q01726
209,IPI00783313,"Glycogen phosphorylase, liver form",PYGL,P06737
209,IPI00922443,Uncharacterized protein,TBCE,B7Z3P1
209,IPI00289807,"CCA tRNA nucleotidyltransferase 1, mitochondrial",TRNT1,Q96Q11
210,IPI00022228,Vigilin,HDLBP,Q00341
210,IPI00955022,"cDNA FLJ53324, highly similar to Tight junction protein ZO-2",TJP2,B7Z2R8
211,IPI00242630,HEAT repeat-containing protein 2,HEATR2,Q86Y56
211,IPI00024466,UDP-glucose:glycoprotein glucosyltransferase 1,UGGT1,Q9NYU2
212,IPI00456642,E3 ubiquitin-protein ligase HECTD3,HECTD3,Q5T447
212,IPI00032313,Protein S100-A4,S100A4,P26447
213,IPI00022479,Probable E3 ubiquitin-protein ligase HERC1,HERC1,Q15751
213,IPI00153032,Protein LTV1 homolog,LTV1,Q96GA3
214,IPI00007941,Protein HEXIM1,HEXIM1,O94992
214,IPI00647655,DNA polymerase,POLA1,A6NMQ1
214,IPI00027705,DNA primase large subunit,PRIM2,P49643
214,IPI00783378,Ubiquitin-conjugating enzyme E2 O,UBE2O,Q9C0C9
215,IPI00026272,Histone H2A type 1-B/E,HIST1H2AB,P04908
215,IPI00301421,Nuclear-interacting partner of ALK,ZC3HC1,Q86WB0
216,IPI00220665,Hexokinase-1,HK1,P19367
216,IPI00218465,Phospholipase A-2-activating protein,PLAA,Q9Y263
216,IPI00013475,Tubulin beta-2A chain,TUBB2A,Q13885
216,IPI00027378,UBX domain-containing protein 1,UBXN1,Q04323
217,IPI00219097,High mobility group protein B2,HMGB2,P26583
217,IPI00171438,Thioredoxin domain-containing protein 5,TXNDC5,Q8NBS9
218,IPI00479191,0,HNRNPH1,0
218,IPI00554737,Serine/threonine-protein phosphatase 2A 65 kDa regulatory subunit A alpha isoform,PPP2R1A,P30153
219,IPI00024071,Heat shock factor protein 1,HSF1,Q00613
219,IPI00106668,Perilipin-3,PLIN3,O60664
220,IPI00455599,Putative heat shock protein HSP 90-beta 2,HSP90AB2P,Q58FF8
220,IPI00024425,Protein KIAA0664,KIAA0664,O75153
220,IPI00009946,Mitochondrial import receptor subunit TOM34,TOMM34,Q15785
220,IPI00007955,Tripartite motif-containing protein 16,TRIM16,O95361
221,IPI00304925,Heat shock 70 kDa protein 1A/1B,HSPA1A,P08107
221,IPI00017454,Putative tubulin-like protein alpha-4B,TUBA4B,Q9H853
221,IPI00884896,"Thioredoxin reductase 1, cytoplasmic",TXNRD1,Q16881
222,IPI00301277,"cDNA FLJ56386, highly similar to Heat shock 70 kDa protein 1L",HSPA1L,B4DI54
222,IPI00646779,Tubulin beta-6 chain,TUBB6,Q9BUF5
223,IPI00013788,HIV Tat-specific factor 1,HTATSF1,O43719
223,IPI00853454,0,LAMB1,0
223,IPI00003309,"DNA-directed RNA polymerases I, II, and III subunit RPABC3",POLR2H,P52434
224,IPI00002335,Huntingtin,HTT,P42858
224,IPI00790342,60S ribosomal protein L6,RPL6,Q02878
224,IPI00030915,Ubiquitin carboxyl-terminal hydrolase 8,USP8,P40818
225,IPI00293735,Elongator complex protein 1,IKBKAP,O95163
225,IPI00903210,Uncharacterized protein,TSC22D1,B3KRL7
226,IPI00291510,Inosine-5'-monophosphate dehydrogenase 2,IMPDH2,P12268
226,IPI00216172,"Lysosomal-associated membrane protein 2, isoform CRA_b",LAMP2,Q6Q3G8
227,IPI00016932,"Phosphatidylinositol-3,4,5-trisphosphate 5-phosphatase 2",INPPL1,O15357
227,IPI00024975,Kinesin-like protein KIF15,KIF15,Q9NS87
227,IPI00945818,Lipopolysaccharide-responsive and beige-like anchor protein,LRBA,P50851
227,IPI00023095,Myeloid leukemia factor 2,MLF2,Q15773
227,IPI00293331,Ribonucleases P/MRP protein subunit POP1,POP1,Q99575
227,IPI00876864,Uncharacterized protein,RPP30,E9PB02
228,IPI00301107,Importin-11,IPO11,Q9UI26
228,IPI00915008,Methyltransferase-like protein 1,METTL1,Q9UBP6
228,IPI00000030,Serine/threonine-protein phosphatase 2A 56 kDa regulatory subunit delta isoform,PPP2R5D,Q14738
229,IPI00398009,Importin-4,IPO4,Q8TEX9
229,IPI00008726,Iron-responsive element-binding protein 2,IREB2,P48200
229,IPI00013871,Ribonucleoside-diphosphate reductase large subunit,RRM1,P23921
230,IPI00479786,Far upstream element-binding protein 2,KHSRP,Q92945
230,IPI00019380,Nuclear cap-binding protein subunit 1,NCBP1,Q09161
231,IPI00748472,Protein KIAA0196 variant,KIAA0196,Q53EL1
231,IPI00021405,Prelamin-A/C,LMNA,P02545
231,IPI00893746,NHP2 non-histone chromosome protein 2-like 1 (S. cerevisiae),NHP2L1,B1AHD1
231,IPI00307155,Rho-associated protein kinase 2,ROCK2,O75116
231,IPI00011631,Centromere/kinetochore protein zw10 homolog,ZW10,O43264
232,IPI00216252,Kinesin-like protein KIF1B,KIF1B,O60333
232,IPI00012989,Lysosomal alpha-mannosidase,MAN2B1,O00754
233,IPI00303292,Importin subunit alpha-1,KPNA1,P52294
233,IPI00553043,LIM and calponin homology domains-containing protein 1,LIMCH1,Q9UPQ0
233,IPI00549248,Nucleophosmin,NPM1,P06748
233,IPI00177856,0,TRMT61A,0
234,IPI00012578,Importin subunit alpha-4,KPNA4,O00629
234,IPI00890743,Serine/threonine-protein phosphatase 6 catalytic subunit,PPP6C,O00743
235,IPI00001639,Importin subunit beta-1,KPNB1,Q14974
235,IPI00003386,E3 ubiquitin-protein ligase RBX1,RBX1,P62877
236,IPI00296922,Laminin subunit beta-2,LAMB2,P55268
236,IPI00328815,Ubiquitin carboxyl-terminal hydrolase 48,USP48,Q86UV5
237,IPI00032460,U6 snRNA-associated Sm-like protein LSm2,LSM2,Q9Y333
237,IPI00789101,"Prostaglandin E synthase 3 (Cytosolic), isoform CRA_c",PTGES3,B3KUY2
237,IPI00008964,Ras-related protein Rab-1B,RAB1B,Q9H0U4
238,IPI00003842,Microtubule-associated protein 2,MAP2,P11137
238,IPI00299000,Proliferation-associated protein 2G4,PA2G4,Q9UQ80
239,IPI00184330,DNA replication licensing factor MCM2,MCM2,P49736
239,IPI00031517,DNA replication licensing factor MCM6,MCM6,Q14566
239,IPI00382516,Protein arginine N-methyltransferase 1,PRMT1,Q99873
239,IPI00299904,DNA replication licensing factor MCM7,MCM7,P33993
240,IPI00478758,Mini-chromosome maintenance complex-binding protein,MCMBP,Q9BTE3
240,IPI00006171,Nuclear factor related to kappa-B-binding protein,NFRKB,Q6P4R8
241,IPI00942294,5-methylthioadenosine phosphorylase,MSAP,Q13126
241,IPI00010141,DNA polymerase epsilon subunit 3,POLE3,Q9NRF9
242,IPI00743284,Methionine synthase,MTR,Q99707
242,IPI00554488,cAMP-dependent protein kinase type I-beta regulatory subunit,PRKAR1B,P31321
243,IPI00871174,C-Myc-binding protein,MYCBP,Q99417
243,IPI00291200,Nuclear pore complex protein Nup133,NUP133,Q8WUM0
244,IPI00880164,Nicotinate phosphoribosyltransferase,NAPRT1,Q6XQN6
244,IPI00291306,RasGAP-activating-like protein 1,RASAL1,O95294
245,IPI00219110,Neuronal calcium sensor 1,NCS1,P62166
245,IPI00168388,Signal recognition particle 68 kDa protein,SRP68,Q9UHB9
246,IPI00238209,NudC domain-containing protein 3,NUDCD3,Q8IVD9
246,IPI00793209,Ubiquitin-like protein 7,UBL7,Q96S82
247,IPI00646917,Cleavage and polyadenylation specificity factor subunit 5,NUDT21,O43809
247,IPI00306043,YTH domain family protein 2,YTHDF2,Q9Y5A9
248,IPI00748807,Nuclear pore complex protein Nup160,NUP160,Q12769
248,IPI00171665,Nucleoporin Nup37,NUP37,Q8NFH4
248,IPI00742943,Nucleoporin Nup43,NUP43,Q8NFH3
249,IPI00477040,Nucleoporin NUP188 homolog,NUP188,Q5SRE5
249,IPI00032304,Plastin-1,PLS1,Q14651
250,IPI00783781,Nuclear pore complex protein Nup205,NUP205,Q92621
250,IPI00328200,Glutamine-rich protein 1,QRICH1,Q2TAL8
251,IPI00000398,Nucleolar and spindle-associated protein 1,NUSAP1,Q9BXS6
251,IPI00027009,Protein kinase C and casein kinase substrate in neurons protein 2,PACSIN2,Q9UNF0
251,IPI00395488,Vasorin,VASN,Q6EMK4
251,IPI00335085,E3 ubiquitin-protein ligase RNF123,RNF123,Q5XPI4
251,IPI00000728,Ubiquitin carboxyl-terminal hydrolase 15,USP15,Q9Y4E8
252,IPI00021537,Opioid growth factor receptor,OGFR,Q9NZT2
252,IPI00030275,"Heat shock protein 75 kDa, mitochondrial",TRAP1,Q12931
252,IPI00003965,Ubiquitin carboxyl-terminal hydrolase 7,USP7,Q93009
253,IPI00032970,Oxysterol-binding protein-related protein 11,OSBPL11,Q9BXB4
253,IPI00655631,DNA polymerase delta catalytic subunit,POLD1,P28340
253,IPI00878754,Pre-mRNA-processing factor 39,PRPF39,Q86UA1
253,IPI00097495,TBC1 domain family member 2A,TBC1D2,Q9BYX2
253,IPI00942269,TBC1 domain family member 4,TBC1D4,O60343
253,IPI00168849,Cdc42-interacting protein 4,TRIP10,Q15642
254,IPI00298348,Oxidation resistance protein 1,OXR1,Q8N573
254,IPI00045051,Transcriptional activator protein Pur-beta,PURB,Q96QR8
254,IPI00012345,Serine/arginine-rich splicing factor 6,SRSF6,Q13247
255,IPI00790491,PCNA-associated factor,PAF,Q15004
255,IPI00910712,"cDNA FLJ57036, highly similar to Homo sapiens tropomyosin 2 (beta) (TPM2), transcript variant 2, mRNA",TPM2,B4E3P1
256,IPI00815732,Multifunctional protein ADE2,PAICS,P22234
256,IPI00026154,Glucosidase 2 subunit beta,PRKCSH,P14314
257,IPI00941899,Uncharacterized protein,PARP6,F5H3B4
257,IPI00015736,Ubiquitin-like modifier-activating enzyme 5,UBA5,Q9GZZ9
258,IPI00016610,Poly(rC)-binding protein 1,PCBP1,Q15365
258,IPI00465179,"cDNA FLJ44241 fis, clone THYMU3008436, highly similar to 6-phosphofructokinase, muscle type (EC 2.7.1.11)",PFKM,Q6ZTT1
258,IPI00292496,Tubulin beta-8 chain,TUBB8,Q3ZCM7
259,IPI00015285,Ethanolamine-phosphate cytidylyltransferase,PCYT2,Q99447
259,IPI00027107,"Elongation factor Tu, mitochondrial",TUFM,P49411
259,IPI00328154,NEDD8-activating enzyme E1 catalytic subunit,UBA3,Q8TBC4
259,IPI00298961,Exportin-1,XPO1,O14980
260,IPI00025277,Programmed cell death protein 6,PDCD6,O75340
260,IPI00005179,DNA-directed RNA polymerases I and III subunit RPAC1,POLR1C,O15160
261,IPI00871576,Programmed cell death 6-interacting protein,PDCD6IP,Q8WUM4
261,IPI00815767,Twinfilin-1,TWF1,Q12792
262,IPI00006052,Prefoldin subunit 2,PFDN2,Q9UHV9
262,IPI00334159,Prefoldin subunit 3,VBP1,P61758
263,IPI00015891,Prefoldin subunit 4,PFDN4,Q9NQP4
263,IPI00005657,Prefoldin subunit 6,PFDN6,O15212
263,IPI00022664,Geranylgeranyl transferase type-2 subunit alpha,RABGGTA,Q92696
264,IPI00015361,Prefoldin subunit 5,PFDN5,Q99471
264,IPI00183002,Protein phosphatase 1 regulatory subunit 12A,PPP1R12A,O14974
264,IPI00619930,"tRNA pseudouridine synthase A, mitochondrial",PUS1,Q9Y606
265,IPI00657967,Phosphatase and actin regulator 4,PHACTR4,Q8IZ21
265,IPI00386448,Transcription factor p65,RELA,Q04206
266,IPI00026108,Cytosolic phospholipase A2,PLA2G4A,P47712
266,IPI00021187,RuvB-like 1,RUVBL1,Q9Y265
267,IPI00394926,DNA polymerase delta subunit 3,POLD3,Q15054
267,IPI00790214,Uncharacterized protein,RCN2,F8WCY5
268,IPI00003927,Peptidyl-prolyl cis-trans isomerase D,PPID,Q08752
268,IPI00024107,Alpha-synuclein,SNCA,P37840
269,IPI00550451,Serine/threonine-protein phosphatase PP1-alpha catalytic subunit,PPP1CA,P62136
269,IPI00012426,Retinoid-inducible serine carboxypeptidase,SCPEP1,Q9HB40
269,IPI00909904,"cDNA FLJ61383, highly similar to Serine/threonine-protein kinase 24 (EC 2.7.11.1)",STK24,B4DT57
270,IPI00871214,"cDNA FLJ43962 fis, clone TESTI4016822, highly similar to Protein phosphatase inhibitor 2",PPP1R2P4,Q6ZU68
270,IPI00477001,Striatin-3,STRN3,Q13033
270,IPI00741970,Uncharacterized protein,STRN4,F8VYA6
271,IPI00002853,Serine/threonine-protein phosphatase 2A 56 kDa regulatory subunit epsilon isoform,PPP2R5E,Q16537
271,IPI00873344,Tumor protein D52,TPD52,P55327
272,IPI00027809,Serine/threonine-protein phosphatase,PPP3CB,Q8N1F0
272,IPI00328932,Vacuolar protein-sorting-associated protein 36,VPS36,Q86VN1
272,IPI00465211,WD repeat-containing protein 92,WDR92,Q96MX6
272,IPI00012341,Serine/arginine-rich splicing factor 5,SRSF5,Q13243
272,IPI00031655,Vacuolar protein-sorting-associated protein 25,VPS25,Q9BRG1
273,IPI00012833,Serine/threonine-protein phosphatase 4 catalytic subunit,PPP4C,P60510
273,IPI00221012,Probable ubiquitin carboxyl-terminal hydrolase FAF-X,USP9X,Q93008
274,IPI00395654,cAMP-dependent protein kinase catalytic subunit beta,PRKACB,P22694
274,IPI00917683,Uncharacterized protein,SUMO1,B8ZZN6
275,IPI00219616,Ribose-phosphate pyrophosphokinase 1,PRPS1,P60891
275,IPI00179330,Ubiquitin-40S ribosomal protein S27a,RPS27A,P62979
276,IPI00003168,Phosphoribosyl pyrophosphate synthase-associated protein 2,PRPSAP2,O60256
276,IPI00029267,U2 small nuclear ribonucleoprotein B'',SNRPB2,P08579
277,IPI00030770,Proteasome assembly chaperone 1,PSMG1,O95456
277,IPI00294536,Uncharacterized protein,STRAP,B4DNJ6
277,IPI00026202,60S ribosomal protein L18a,RPL18A,Q02543
278,IPI00418213,Rab5 GDP/GTP exchange factor,RABGEF1,Q9UJ41
278,IPI00010219,Kinetochore protein Spc25,SPC25,Q9HBM1
278,IPI00005614,"Spectrin beta chain, brain 1",SPTBN1,Q01082
279,IPI00878611,Uncharacterized protein,RANBP1,C9JXG8
279,IPI00221108,Thymidylate synthase,TYMS,P04818
280,IPI00954006,RNA-binding protein 12,RBM12,Q9NTZ6
280,IPI00008422,SWI/SNF-related matrix-associated actin-dependent regulator of chromatin subfamily A containing DEAD/H box 1,SMARCAD1,Q9H4L7
281,IPI00290192,Ribonuclease H2 subunit A,RNASEH2A,O75792
281,IPI00009010,tRNA methyltransferase 112 homolog,TRMT112,Q9UI30
282,IPI00646500,Replication protein A 32 kDa subunit,RPA2,P15927
282,IPI00409659,Ubiquilin-2,UBQLN2,Q9UHD9
283,IPI00376798,60S ribosomal protein L11,RPL11,P62913
283,IPI00026970,FACT complex subunit SPT16,SUPT16H,Q9Y5B9
284,IPI00182533,60S ribosomal protein L28,RPL28,P46779
284,IPI00479058,40S ribosomal protein S15,RPS15,P62841
284,IPI00221093,40S ribosomal protein S17-like,RPS17L,P08708
285,IPI00412607,60S ribosomal protein L35,RPL35,P42766
285,IPI00140420,Staphylococcal nuclease domain-containing protein 1,SND1,Q7KZF4
286,IPI00008529,60S acidic ribosomal protein P2,RPLP2,P05387
286,IPI00872664,Ubiquitin carboxyl-terminal hydrolase,USP14,B7Z4N8
287,IPI00303832,RNA polymerase-associated protein RTF1 homolog,RTF1,Q92541
287,IPI00293350,Translin-associated protein X,TSNAX,Q99598
288,IPI00013890,14-3-3 protein sigma,SFN,P31947
288,IPI00397947,Ubiquitin-conjugating enzyme E2 variant 1,UBE2V1,Q13404
288,IPI00386862,Zinc finger FYVE domain-containing protein 19,ZFYVE19,Q96K21
289,IPI00396203,Tubulin-specific chaperone D,TBCD,Q9BTW9
289,IPI00304232,Ribosome biogenesis protein WDR12,WDR12,Q9GZL7
290,IPI00008961,Telomeric repeat-binding factor 2-interacting protein 1,TERF2IP,Q9NYB0
290,IPI00604464,Ubiquitin-protein ligase E3C,UBE3C,Q15386
291,IPI00427037,tRNA-splicing endonuclease subunit Sen2,TSEN2,Q8NCE0
291,IPI00444371,WD repeat-containing protein 44,WDR44,Q5JSH3
